rank,uri,artist_names,track_name,source,peak_rank,previous_rank,weeks_on_chart,streams,artist_genre,artist_popularity,album_cover_url,danceability,energy,key,loudness,mode,speechiness,acousticness,instrumentalness,liveness,valence,tempo,type,id,track_href,analysis_url,duration_ms,time_signature
1,spotify:track:1Iq8oo9XkmmvCQiGOfORiz,Taylor Swift,Is It Over Now? (Taylor's Version) (From The Vault),Taylor Swift,1,-1,1,20062285,pop,100,https://i.scdn.co/image/ab67616d0000b273904445d70d04eb24d6bb79ac,0.596,0.658,0.0,-7.346,1.0,0.036,0.0504,0.0,0.127,0.176,100.012,audio_features,1Iq8oo9XkmmvCQiGOfORiz,https://api.spotify.com/v1/tracks/1Iq8oo9XkmmvCQiGOfORiz,https://api.spotify.com/v1/audio-analysis/1Iq8oo9XkmmvCQiGOfORiz,229478.0,4.0
2,spotify:track:5KD6AEm19QnMbfWpfoOHMl,Taylor Swift,Now That We Don't Talk (Taylor's Version) (From The Vault),Taylor Swift,2,-1,1,18219898,pop,100,https://i.scdn.co/image/ab67616d0000b273904445d70d04eb24d6bb79ac,0.793,0.512,0.0,-9.319,1.0,0.0338,0.186,3.81e-05,0.0889,0.0662,109.994,audio_features,5KD6AEm19QnMbfWpfoOHMl,https://api.spotify.com/v1/tracks/5KD6AEm19QnMbfWpfoOHMl,https://api.spotify.com/v1/audio-analysis/5KD6AEm19QnMbfWpfoOHMl,146437.0,4.0
3,spotify:track:71BqAINEnezjQfxE4VuJfq,Taylor Swift,"""Slut!"" (Taylor's Version) (From The Vault)",Taylor Swift,3,-1,1,16824876,pop,100,https://i.scdn.co/image/ab67616d0000b273904445d70d04eb24d6bb79ac,0.629,0.413,7.0,-13.178,1.0,0.055,0.345,7.62e-05,0.0603,0.306,77.983,audio_features,71BqAINEnezjQfxE4VuJfq,https://api.spotify.com/v1/tracks/71BqAINEnezjQfxE4VuJfq,https://api.spotify.com/v1/audio-analysis/71BqAINEnezjQfxE4VuJfq,180381.0,4.0
4,spotify:track:4NioO5R9sHEZh4cGzMHyNt,Taylor Swift,Say Don't Go (Taylor's Version) (From The Vault),Taylor Swift,4,-1,1,15972695,pop,100,https://i.scdn.co/image/ab67616d0000b273904445d70d04eb24d6bb79ac,0.626,0.547,4.0,-8.285,1.0,0.0342,0.0656,1.67e-05,0.149,0.192,109.946,audio_features,4NioO5R9sHEZh4cGzMHyNt,https://api.spotify.com/v1/tracks/4NioO5R9sHEZh4cGzMHyNt,https://api.spotify.com/v1/audio-analysis/4NioO5R9sHEZh4cGzMHyNt,279833.0,4.0
5,spotify:track:6T0sEnqjmHISIKwFETeeiP,Taylor Swift,Suburban Legends (Taylor's Version) (From The Vault),Taylor Swift,5,-1,1,13199240,pop,100,https://i.scdn.co/image/ab67616d0000b273904445d70d04eb24d6bb79ac,0.699,0.621,0.0,-8.739,1.0,0.0369,0.198,0.0,0.104,0.344,118.048,audio_features,6T0sEnqjmHISIKwFETeeiP,https://api.spotify.com/v1/tracks/6T0sEnqjmHISIKwFETeeiP,https://api.spotify.com/v1/audio-analysis/6T0sEnqjmHISIKwFETeeiP,171819.0,4.0
6,spotify:track:1hjRhYpWyqDpPahmSlUTlc,Taylor Swift,Style (Taylor's Version),Taylor Swift,6,-1,1,12513182,pop,100,https://i.scdn.co/image/ab67616d0000b273904445d70d04eb24d6bb79ac,0.575,0.824,2.0,-4.823,1.0,0.038,0.000418,0.0214,0.0901,0.292,94.971,audio_features,1hjRhYpWyqDpPahmSlUTlc,https://api.spotify.com/v1/tracks/1hjRhYpWyqDpPahmSlUTlc,https://api.spotify.com/v1/audio-analysis/1hjRhYpWyqDpPahmSlUTlc,231000.0,4.0
7,spotify:track:45wMBGri1PORPjM9PwFfrS,Taylor Swift,Blank Space (Taylor's Version),Taylor Swift,7,-1,1,11132695,pop,100,https://i.scdn.co/image/ab67616d0000b273904445d70d04eb24d6bb79ac,0.737,0.725,0.0,-5.417,1.0,0.0641,0.0976,0.0,0.174,0.755,96.012,audio_features,45wMBGri1PORPjM9PwFfrS,https://api.spotify.com/v1/tracks/45wMBGri1PORPjM9PwFfrS,https://api.spotify.com/v1/audio-analysis/45wMBGri1PORPjM9PwFfrS,231833.0,4.0
8,spotify:track:045ZeOHPIzhxxsm8bq5kyE,Taylor Swift,Out Of The Woods (Taylor's Version),Taylor Swift,8,-1,1,10975193,pop,100,https://i.scdn.co/image/ab67616d0000b273904445d70d04eb24d6bb79ac,0.547,0.885,0.0,-5.961,1.0,0.0418,0.000512,9.37e-05,0.39,0.192,91.992,audio_features,045ZeOHPIzhxxsm8bq5kyE,https://api.spotify.com/v1/tracks/045ZeOHPIzhxxsm8bq5kyE,https://api.spotify.com/v1/audio-analysis/045ZeOHPIzhxxsm8bq5kyE,235800.0,4.0
9,spotify:track:1hR8BSuEqPCCZfv93zzzz9,Taylor Swift,Welcome To New York (Taylor's Version),Taylor Swift,9,-1,1,10847400,pop,100,https://i.scdn.co/image/ab67616d0000b273904445d70d04eb24d6bb79ac,0.761,0.607,7.0,-4.83,1.0,0.0312,0.00961,2.24e-05,0.367,0.674,116.98,audio_features,1hR8BSuEqPCCZfv93zzzz9,https://api.spotify.com/v1/tracks/1hR8BSuEqPCCZfv93zzzz9,https://api.spotify.com/v1/audio-analysis/1hR8BSuEqPCCZfv93zzzz9,212600.0,4.0
10,spotify:track:1K39ty6o1sHwwlZwO6a7wK,Taylor Swift,Wildest Dreams (Taylor's Version),Taylor Swift,10,-1,12,9643885,pop,100,https://i.scdn.co/image/ab67616d0000b273904445d70d04eb24d6bb79ac,0.581,0.672,8.0,-7.415,1.0,0.0739,0.0411,9.35e-05,0.118,0.514,140.061,audio_features,1K39ty6o1sHwwlZwO6a7wK,https://api.spotify.com/v1/tracks/1K39ty6o1sHwwlZwO6a7wK,https://api.spotify.com/v1/audio-analysis/1K39ty6o1sHwwlZwO6a7wK,220433.0,4.0
11,spotify:track:6GXgd1BPD9bUpqw5AntGV5,Taylor Swift,All You Had To Do Was Stay (Taylor's Version),Taylor Swift,11,-1,1,9582805,pop,100,https://i.scdn.co/image/ab67616d0000b273904445d70d04eb24d6bb79ac,0.586,0.72,0.0,-5.556,1.0,0.035,0.000718,0.0,0.0949,0.481,97.057,audio_features,6GXgd1BPD9bUpqw5AntGV5,https://api.spotify.com/v1/tracks/6GXgd1BPD9bUpqw5AntGV5,https://api.spotify.com/v1/audio-analysis/6GXgd1BPD9bUpqw5AntGV5,193289.0,4.0
12,spotify:track:2vPMoMDXxu9uX1igWZmXSG,Taylor Swift,New Romantics (Taylor's Version),Taylor Swift,12,-1,1,8787358,pop,100,https://i.scdn.co/image/ab67616d0000b273904445d70d04eb24d6bb79ac,0.651,0.855,5.0,-5.959,1.0,0.0538,0.0068,9.81e-06,0.0759,0.698,121.98,audio_features,2vPMoMDXxu9uX1igWZmXSG,https://api.spotify.com/v1/tracks/2vPMoMDXxu9uX1igWZmXSG,https://api.spotify.com/v1/audio-analysis/2vPMoMDXxu9uX1igWZmXSG,230178.0,4.0
13,spotify:track:2YSzYUF3jWqb9YP9VXmpjE,"Drake, Yeat",IDGAF (feat. Yeat),OVO/Republic,1,1,4,8750070,"canadian hip hop,canadian pop,hip hop,pop rap,rap",95,https://i.scdn.co/image/ab67616d0000b2737d384516b23347e92a587ed1,0.663,0.67,8.0,-8.399,1.0,0.271,0.0464,8.92e-05,0.205,0.138,136.952,audio_features,2YSzYUF3jWqb9YP9VXmpjE,https://api.spotify.com/v1/tracks/2YSzYUF3jWqb9YP9VXmpjE,https://api.spotify.com/v1/audio-analysis/2YSzYUF3jWqb9YP9VXmpjE,260111.0,4.0
14,spotify:track:2ByBBvpR9b7IynvRmnG7kG,Taylor Swift,Clean (Taylor's Version),Taylor Swift,14,-1,1,8694797,pop,100,https://i.scdn.co/image/ab67616d0000b273904445d70d04eb24d6bb79ac,0.771,0.386,4.0,-8.917,1.0,0.0297,0.276,2.01e-05,0.121,0.239,103.96,audio_features,2ByBBvpR9b7IynvRmnG7kG,https://api.spotify.com/v1/tracks/2ByBBvpR9b7IynvRmnG7kG,https://api.spotify.com/v1/audio-analysis/2ByBBvpR9b7IynvRmnG7kG,271000.0,4.0
15,spotify:track:43y1WpBdnEy5TR9aZoSQL9,Taylor Swift,I Wish You Would (Taylor's Version),Taylor Swift,15,-1,1,8587332,pop,100,https://i.scdn.co/image/ab67616d0000b273904445d70d04eb24d6bb79ac,0.669,0.851,0.0,-6.526,1.0,0.0432,0.00357,1.04e-05,0.0676,0.541,118.026,audio_features,43y1WpBdnEy5TR9aZoSQL9,https://api.spotify.com/v1/tracks/43y1WpBdnEy5TR9aZoSQL9,https://api.spotify.com/v1/audio-analysis/43y1WpBdnEy5TR9aZoSQL9,207650.0,4.0
16,spotify:track:3pv7Q5v2dpdefwdWIvE7yH,Taylor Swift,Shake It Off (Taylor's Version),Taylor Swift,16,-1,1,8287972,pop,100,https://i.scdn.co/image/ab67616d0000b273904445d70d04eb24d6bb79ac,0.632,0.807,7.0,-5.676,1.0,0.0738,0.0103,1.27e-05,0.29,0.921,160.055,audio_features,3pv7Q5v2dpdefwdWIvE7yH,https://api.spotify.com/v1/tracks/3pv7Q5v2dpdefwdWIvE7yH,https://api.spotify.com/v1/audio-analysis/3pv7Q5v2dpdefwdWIvE7yH,219209.0,4.0
17,spotify:track:64FzgoLZ3oXu2SriZblHic,Taylor Swift,Bad Blood (Taylor's Version),Taylor Swift,17,-1,1,7863951,pop,100,https://i.scdn.co/image/ab67616d0000b273904445d70d04eb24d6bb79ac,0.619,0.686,7.0,-6.369,1.0,0.164,0.0385,0.0,0.307,0.364,169.943,audio_features,64FzgoLZ3oXu2SriZblHic,https://api.spotify.com/v1/tracks/64FzgoLZ3oXu2SriZblHic,https://api.spotify.com/v1/audio-analysis/64FzgoLZ3oXu2SriZblHic,211104.0,4.0
18,spotify:track:75W3SngKzTuoQ94uLf3y82,Taylor Swift,How You Get The Girl (Taylor's Version),Taylor Swift,18,-1,1,7837560,pop,100,https://i.scdn.co/image/ab67616d0000b273904445d70d04eb24d6bb79ac,0.754,0.682,5.0,-5.789,1.0,0.0565,0.00209,9.88e-06,0.0941,0.547,120.027,audio_features,75W3SngKzTuoQ94uLf3y82,https://api.spotify.com/v1/tracks/75W3SngKzTuoQ94uLf3y82,https://api.spotify.com/v1/audio-analysis/75W3SngKzTuoQ94uLf3y82,247533.0,4.0
19,spotify:track:2f0GI2ZLUtbGqFx8t2Gk6A,Taylor Swift,I Know Places (Taylor's Version),Taylor Swift,19,-1,1,7814549,pop,100,https://i.scdn.co/image/ab67616d0000b273904445d70d04eb24d6bb79ac,0.575,0.803,0.0,-5.393,1.0,0.0465,0.087,0.0,0.0971,0.68,160.039,audio_features,2f0GI2ZLUtbGqFx8t2Gk6A,https://api.spotify.com/v1/tracks/2f0GI2ZLUtbGqFx8t2Gk6A,https://api.spotify.com/v1/audio-analysis/2f0GI2ZLUtbGqFx8t2Gk6A,195700.0,4.0
20,spotify:track:2ve0kuaWUCt4Zx8x4bf1MR,Taylor Swift,Wonderland (Taylor's Version),Taylor Swift,20,-1,1,7734739,pop,100,https://i.scdn.co/image/ab67616d0000b273904445d70d04eb24d6bb79ac,0.462,0.708,3.0,-5.971,1.0,0.0555,0.00933,1.88e-05,0.198,0.337,183.811,audio_features,2ve0kuaWUCt4Zx8x4bf1MR,https://api.spotify.com/v1/tracks/2ve0kuaWUCt4Zx8x4bf1MR,https://api.spotify.com/v1/audio-analysis/2ve0kuaWUCt4Zx8x4bf1MR,245567.0,4.0
21,spotify:track:56y1jOTK0XSvJzVv9vHQBK,Doja Cat,Paint The Town Red,Kemosabe Records/RCA Records,1,5,13,7703634,"dance pop,pop",87,https://i.scdn.co/image/ab67616d0000b273a840032f14ab22da396e43cb,0.864,0.556,2.0,-7.683,0.0,0.194,0.255,3.85e-06,0.112,0.726,99.974,audio_features,56y1jOTK0XSvJzVv9vHQBK,https://api.spotify.com/v1/tracks/56y1jOTK0XSvJzVv9vHQBK,https://api.spotify.com/v1/audio-analysis/56y1jOTK0XSvJzVv9vHQBK,230480.0,4.0
22,spotify:track:3vkCueOmm7xQDoJ17W1Pm3,Mitski,My Love Mine All Mine,Dead Oceans,4,4,7,7600737,"brooklyn indie,pov: indie",81,https://i.scdn.co/image/ab67616d0000b27334f21d3047d85440dfa37f10,0.504,0.308,9.0,-14.958,1.0,0.0321,0.868,0.135,0.158,0.121,113.95,audio_features,3vkCueOmm7xQDoJ17W1Pm3,https://api.spotify.com/v1/tracks/3vkCueOmm7xQDoJ17W1Pm3,https://api.spotify.com/v1/audio-analysis/3vkCueOmm7xQDoJ17W1Pm3,137773.0,4.0
23,spotify:track:4UwqOWDpdeIDVQDuKT6iza,Taylor Swift,You Are In Love (Taylor's Version),Taylor Swift,23,-1,1,7549944,pop,100,https://i.scdn.co/image/ab67616d0000b273904445d70d04eb24d6bb79ac,0.537,0.495,9.0,-9.416,1.0,0.0573,0.609,2.49e-06,0.112,0.492,84.948,audio_features,4UwqOWDpdeIDVQDuKT6iza,https://api.spotify.com/v1/tracks/4UwqOWDpdeIDVQDuKT6iza,https://api.spotify.com/v1/audio-analysis/4UwqOWDpdeIDVQDuKT6iza,267389.0,4.0
24,spotify:track:4KULAymBBJcPRpk1yO4dOG,"Zach Bryan, Kacey Musgraves",I Remember Everything (feat. Kacey Musgraves),Warner Records,1,6,10,7547541,"classic oklahoma country,modern country pop",86,https://i.scdn.co/image/ab67616d0000b273e5a25ed08d1e7e0fbb440cef,0.429,0.453,0.0,-7.746,1.0,0.0459,0.554,2e-06,0.102,0.155,77.639,audio_features,4KULAymBBJcPRpk1yO4dOG,https://api.spotify.com/v1/tracks/4KULAymBBJcPRpk1yO4dOG,https://api.spotify.com/v1/audio-analysis/4KULAymBBJcPRpk1yO4dOG,227196.0,4.0
25,spotify:track:1BxfuPKGuaTgP7aM0Bbdwr,Taylor Swift,Cruel Summer,Taylor Swift,2,3,51,7528291,pop,100,https://i.scdn.co/image/ab67616d0000b273e787cffec20aa2a396a61647,0.552,0.702,9.0,-5.707,1.0,0.157,0.117,2.06e-05,0.105,0.564,169.994,audio_features,1BxfuPKGuaTgP7aM0Bbdwr,https://api.spotify.com/v1/tracks/1BxfuPKGuaTgP7aM0Bbdwr,https://api.spotify.com/v1/audio-analysis/1BxfuPKGuaTgP7aM0Bbdwr,178427.0,4.0
26,spotify:track:4MjDJD8cW7iVeWInc2Bdyj,Bad Bunny,MONACO,Rimas Entertainment LLC,2,2,3,7495441,"reggaeton,trap latino,urbano latino",96,https://i.scdn.co/image/ab67616d0000b2737b1fc51ff3257b5286a1ecec,0.787,0.621,4.0,-5.009,0.0,0.068,0.15,0.000402,0.58,0.13,139.056,audio_features,4MjDJD8cW7iVeWInc2Bdyj,https://api.spotify.com/v1/tracks/4MjDJD8cW7iVeWInc2Bdyj,https://api.spotify.com/v1/audio-analysis/4MjDJD8cW7iVeWInc2Bdyj,267194.0,4.0
27,spotify:track:5QVVjX0ZItqlVpEuVCM9Yg,Taylor Swift,This Love (Taylor’s Version),Taylor Swift,27,-1,3,7457251,pop,100,https://i.scdn.co/image/ab67616d0000b273904445d70d04eb24d6bb79ac,0.474,0.511,1.0,-8.766,0.0,0.0339,0.299,0.0,0.0673,0.0586,144.022,audio_features,5QVVjX0ZItqlVpEuVCM9Yg,https://api.spotify.com/v1/tracks/5QVVjX0ZItqlVpEuVCM9Yg,https://api.spotify.com/v1/audio-analysis/5QVVjX0ZItqlVpEuVCM9Yg,250100.0,4.0
28,spotify:track:3rUGC1vUpkDG9CZFHMur1t,Tate McRae,greedy,RCA Records Label,4,8,7,6735715,"alt z,pop",81,https://i.scdn.co/image/ab67616d0000b27322fd802bc61db666c7c81aa8,0.75,0.733,6.0,-3.18,0.0,0.0319,0.256,0.0,0.114,0.844,111.018,audio_features,3rUGC1vUpkDG9CZFHMur1t,https://api.spotify.com/v1/tracks/3rUGC1vUpkDG9CZFHMur1t,https://api.spotify.com/v1/audio-analysis/3rUGC1vUpkDG9CZFHMur1t,131872.0,1.0
29,spotify:track:4rXLjWdF2ZZpXCVTfWcshS,Gunna,fukumean,300 Entertainment,1,9,20,6290916,"atl hip hop,melodic rap,rap,trap",82,https://i.scdn.co/image/ab67616d0000b273017d5e26552345c4b1575b6c,0.847,0.622,1.0,-6.747,0.0,0.0903,0.119,0.0,0.285,0.22,130.001,audio_features,4rXLjWdF2ZZpXCVTfWcshS,https://api.spotify.com/v1/tracks/4rXLjWdF2ZZpXCVTfWcshS,https://api.spotify.com/v1/audio-analysis/4rXLjWdF2ZZpXCVTfWcshS,125040.0,4.0
30,spotify:track:5PyDJG7SQRgWXefgexqIge,Doja Cat,Agora Hills,Kemosabe Records/RCA Records,9,11,6,6243121,"dance pop,pop",87,https://i.scdn.co/image/ab67616d0000b273a840032f14ab22da396e43cb,0.755,0.687,8.0,-6.247,0.0,0.101,0.183,0.000177,0.125,0.381,123.01,audio_features,5PyDJG7SQRgWXefgexqIge,https://api.spotify.com/v1/tracks/5PyDJG7SQRgWXefgexqIge,https://api.spotify.com/v1/audio-analysis/5PyDJG7SQRgWXefgexqIge,265360.0,4.0
31,spotify:track:0mflMxspEfB0VbI1kyLiAv,Noah Kahan,Stick Season,Mercury Records/Republic Records,12,12,53,6189563,pov: indie,81,https://i.scdn.co/image/ab67616d0000b2736ee35072df1af802cca09918,0.662,0.488,9.0,-6.894,1.0,0.0682,0.782,0.0,0.102,0.817,117.913,audio_features,0mflMxspEfB0VbI1kyLiAv,https://api.spotify.com/v1/tracks/0mflMxspEfB0VbI1kyLiAv,https://api.spotify.com/v1/audio-analysis/0mflMxspEfB0VbI1kyLiAv,182347.0,4.0
32,spotify:track:7aqfrAY2p9BUSiupwk3svU,"Drake, J. Cole",First Person Shooter (feat. J. Cole),OVO/Republic,2,7,4,5946498,"canadian hip hop,canadian pop,hip hop,pop rap,rap",95,https://i.scdn.co/image/ab67616d0000b2737d384516b23347e92a587ed1,0.47,0.64,2.0,-7.779,1.0,0.32,0.0277,0.0,0.382,0.248,163.92,audio_features,7aqfrAY2p9BUSiupwk3svU,https://api.spotify.com/v1/tracks/7aqfrAY2p9BUSiupwk3svU,https://api.spotify.com/v1/audio-analysis/7aqfrAY2p9BUSiupwk3svU,247444.0,4.0
33,spotify:track:7K3BhSpAxZBznislvUMVtn,Morgan Wallen,Last Night,Big Loud Records / Mercury Records / Republic Records,1,10,40,5696433,contemporary country,85,https://i.scdn.co/image/ab67616d0000b273705079df9a25a28b452c1fc9,0.492,0.675,6.0,-5.456,1.0,0.0389,0.467,0.0,0.142,0.478,203.759,audio_features,7K3BhSpAxZBznislvUMVtn,https://api.spotify.com/v1/tracks/7K3BhSpAxZBznislvUMVtn,https://api.spotify.com/v1/audio-analysis/7K3BhSpAxZBznislvUMVtn,163855.0,4.0
34,spotify:track:6qAcApH8obo8eqatCKUHd9,"Taylor Swift, Kendrick Lamar",Bad Blood (feat. Kendrick Lamar) (Taylor's Version),Taylor Swift,34,-1,1,5645300,pop,100,https://i.scdn.co/image/ab67616d0000b273dc2bacae1dca83d26e2b1949,0.602,0.648,2.0,-6.905,1.0,0.103,0.0104,0.0,0.217,0.174,170.091,audio_features,6qAcApH8obo8eqatCKUHd9,https://api.spotify.com/v1/tracks/6qAcApH8obo8eqatCKUHd9,https://api.spotify.com/v1/audio-analysis/6qAcApH8obo8eqatCKUHd9,199773.0,4.0
35,spotify:track:1Qrg8KqiBpW07V7PNxwwwL,SZA,Kill Bill,Top Dawg Entertainment/RCA Records,1,20,47,5356661,"pop,r&b,rap",87,https://i.scdn.co/image/ab67616d0000b2730c471c36970b9406233842a5,0.644,0.735,8.0,-5.747,1.0,0.0391,0.0521,0.144,0.161,0.418,88.98,audio_features,1Qrg8KqiBpW07V7PNxwwwL,https://api.spotify.com/v1/tracks/1Qrg8KqiBpW07V7PNxwwwL,https://api.spotify.com/v1/audio-analysis/1Qrg8KqiBpW07V7PNxwwwL,153947.0,4.0
36,spotify:track:6rjuKpPydT2SxN15TZpV7r,Lil Tecca,500lbs,Galactic Records/Lil Tecca,17,17,8,5284653,"melodic rap,pluggnb,rap",78,https://i.scdn.co/image/ab67616d0000b273c4e6adea69105e6b6e214b96,0.722,0.785,7.0,-5.451,0.0,0.0763,0.0942,0.0,0.119,0.529,122.986,audio_features,6rjuKpPydT2SxN15TZpV7r,https://api.spotify.com/v1/tracks/6rjuKpPydT2SxN15TZpV7r,https://api.spotify.com/v1/audio-analysis/6rjuKpPydT2SxN15TZpV7r,144390.0,4.0
37,spotify:track:0xxZY5C9xxij3D1HkzbnfC,"Bobby ""Boris"" Pickett, The Crypt-Kickers",Monster Mash,Decca Music Group Ltd.,32,-1,7,5222121,"halloween,novelty",61,https://i.scdn.co/image/ab67616d0000b273edf6710f9c0cd81e37fcaf3d,0.541,0.504,11.0,-14.191,0.0,0.457,0.375,0.0,0.421,0.707,68.482,audio_features,0xxZY5C9xxij3D1HkzbnfC,https://api.spotify.com/v1/tracks/0xxZY5C9xxij3D1HkzbnfC,https://api.spotify.com/v1/audio-analysis/0xxZY5C9xxij3D1HkzbnfC,192040.0,4.0
38,spotify:track:6wsqVwoiVH2kde4k4KKAFU,Travis Scott,I KNOW ?,Cactus Jack/Epic,3,14,14,5031442,"hip hop,rap,slap house",90,https://i.scdn.co/image/ab67616d0000b273881d8d8378cd01099babcd44,0.927,0.619,5.0,-4.441,0.0,0.0539,0.0186,0.0,0.104,0.817,117.995,audio_features,6wsqVwoiVH2kde4k4KKAFU,https://api.spotify.com/v1/tracks/6wsqVwoiVH2kde4k4KKAFU,https://api.spotify.com/v1/audio-analysis/6wsqVwoiVH2kde4k4KKAFU,211582.0,4.0
39,spotify:track:1kuGVB7EU95pJObxwvfwKS,Olivia Rodrigo,vampire,Olivia Rodrigo PS,1,16,18,5009406,pop,87,https://i.scdn.co/image/ab67616d0000b273e85259a1cae29a8d91f2093d,0.511,0.532,5.0,-5.745,1.0,0.0578,0.177,0.0,0.291,0.35,138.005,audio_features,1kuGVB7EU95pJObxwvfwKS,https://api.spotify.com/v1/tracks/1kuGVB7EU95pJObxwvfwKS,https://api.spotify.com/v1/audio-analysis/1kuGVB7EU95pJObxwvfwKS,219724.0,4.0
40,spotify:track:7iQXYTyuG13aoeHxGG28Nh,"Bad Bunny, Feid",PERRO NEGRO,Rimas Entertainment LLC,10,13,3,4983751,"reggaeton,trap latino,urbano latino",96,https://i.scdn.co/image/ab67616d0000b2737b1fc51ff3257b5286a1ecec,0.911,0.778,5.0,-2.248,1.0,0.262,0.0887,2.16e-05,0.179,0.345,96.057,audio_features,7iQXYTyuG13aoeHxGG28Nh,https://api.spotify.com/v1/tracks/7iQXYTyuG13aoeHxGG28Nh,https://api.spotify.com/v1/audio-analysis/7iQXYTyuG13aoeHxGG28Nh,162768.0,4.0
41,spotify:track:4a9RlnJ0v1T7HgLtps1HvI,The Citizens of Halloween,This Is Halloween,Walt Disney Records,41,-1,4,4934212,"french movie tunes,movie tunes",24,https://i.scdn.co/image/ab67616d0000b273443b915b8a5f28e35f5f69be,0.567,0.508,7.0,-12.823,1.0,0.0502,0.767,0.0,0.145,0.647,167.63,audio_features,4a9RlnJ0v1T7HgLtps1HvI,https://api.spotify.com/v1/tracks/4a9RlnJ0v1T7HgLtps1HvI,https://api.spotify.com/v1/audio-analysis/4a9RlnJ0v1T7HgLtps1HvI,196560.0,4.0
42,spotify:track:3WMj8moIAXJhHsyLaqIIHI,Zach Bryan,Something in the Orange,Warner Records,4,15,80,4932395,"classic oklahoma country,modern country pop",86,https://i.scdn.co/image/ab67616d0000b273b2b6670e3aca9bcd55fbabbb,0.369,0.192,4.0,-12.151,0.0,0.04,0.555,8.35e-06,0.0954,0.148,175.212,audio_features,3WMj8moIAXJhHsyLaqIIHI,https://api.spotify.com/v1/tracks/3WMj8moIAXJhHsyLaqIIHI,https://api.spotify.com/v1/audio-analysis/3WMj8moIAXJhHsyLaqIIHI,228013.0,3.0
43,spotify:track:1yeB8MUNeLo9Ek1UEpsyz6,"Drake, Sexyy Red, SZA",Rich Baby Daddy (feat. Sexyy Red & SZA),OVO/Republic,11,18,4,4675947,"canadian hip hop,canadian pop,hip hop,pop rap,rap",95,https://i.scdn.co/image/ab67616d0000b2737d384516b23347e92a587ed1,0.645,0.729,2.0,-4.56,1.0,0.0528,0.0377,0.0,0.384,0.142,146.01,audio_features,1yeB8MUNeLo9Ek1UEpsyz6,https://api.spotify.com/v1/tracks/1yeB8MUNeLo9Ek1UEpsyz6,https://api.spotify.com/v1/audio-analysis/1yeB8MUNeLo9Ek1UEpsyz6,319192.0,4.0
44,spotify:track:4iZ4pt7kvcaH6Yo8UoZ4s2,SZA,Snooze,Top Dawg Entertainment/RCA Records,14,19,47,4649444,"pop,r&b,rap",87,https://i.scdn.co/image/ab67616d0000b27370dbc9f47669d120ad874ec1,0.559,0.551,5.0,-7.231,1.0,0.132,0.141,0.0,0.11,0.392,143.008,audio_features,4iZ4pt7kvcaH6Yo8UoZ4s2,https://api.spotify.com/v1/tracks/4iZ4pt7kvcaH6Yo8UoZ4s2,https://api.spotify.com/v1/audio-analysis/4iZ4pt7kvcaH6Yo8UoZ4s2,201800.0,4.0
45,spotify:track:2LlQb7Uoj1kKyGhlkBf9aC,Michael Jackson,Thriller,Epic,33,-1,7,4504154,"r&b,soul",80,https://i.scdn.co/image/ab67616d0000b273de437d960dda1ac0a3586d97,0.771,0.687,11.0,-9.814,1.0,0.0693,0.0318,0.000225,0.89,0.783,118.392,audio_features,2LlQb7Uoj1kKyGhlkBf9aC,https://api.spotify.com/v1/tracks/2LlQb7Uoj1kKyGhlkBf9aC,https://api.spotify.com/v1/audio-analysis/2LlQb7Uoj1kKyGhlkBf9aC,357800.0,4.0
46,spotify:track:5aIVCx5tnk0ntmdiinnYvw,Tyla,Water,FAX Records/Epic,23,23,5,4440146,,73,https://i.scdn.co/image/ab67616d0000b273d20231861e86a6f74ef2393e,0.673,0.722,3.0,-3.495,0.0,0.0755,0.0856,0.0,0.137,0.519,117.187,audio_features,5aIVCx5tnk0ntmdiinnYvw,https://api.spotify.com/v1/tracks/5aIVCx5tnk0ntmdiinnYvw,https://api.spotify.com/v1/audio-analysis/5aIVCx5tnk0ntmdiinnYvw,200256.0,4.0
47,spotify:track:5mjYQaktjmjcMKcUIcqz4s,Kenya Grace,Strangers,Warner Records/Major Recordings,17,21,8,4196608,singer-songwriter pop,76,https://i.scdn.co/image/ab67616d0000b2734756c2e9ae436437cd75e9f3,0.628,0.523,11.0,-8.307,0.0,0.0946,0.701,0.00274,0.219,0.416,169.982,audio_features,5mjYQaktjmjcMKcUIcqz4s,https://api.spotify.com/v1/tracks/5mjYQaktjmjcMKcUIcqz4s,https://api.spotify.com/v1/audio-analysis/5mjYQaktjmjcMKcUIcqz4s,172965.0,4.0
48,spotify:track:7mXuWTczZNxG5EDcjFEuJR,"Peso Pluma, Gabito Ballesteros, Junior H",LADY GAGA,Double P Records,7,25,19,4179314,"corridos tumbados,sad sierreno",90,https://i.scdn.co/image/ab67616d0000b2732fb583ed96f8f35cbf2897ba,0.646,0.736,5.0,-7.118,0.0,0.0449,0.216,0.0,0.415,0.873,140.098,audio_features,7mXuWTczZNxG5EDcjFEuJR,https://api.spotify.com/v1/tracks/7mXuWTczZNxG5EDcjFEuJR,https://api.spotify.com/v1/audio-analysis/7mXuWTczZNxG5EDcjFEuJR,212878.0,3.0
49,spotify:track:68Dni7IE4VyPkTOH9mRWHr,J. Cole,No Role Modelz,Roc Nation Records LLC,10,27,299,4129923,"conscious hip hop,hip hop,north carolina hip hop,rap",84,https://i.scdn.co/image/ab67616d0000b273c6e0948bbb0681ff29cdbae8,0.69,0.521,10.0,-8.492,0.0,0.339,0.324,0.0,0.0534,0.494,100.028,audio_features,68Dni7IE4VyPkTOH9mRWHr,https://api.spotify.com/v1/tracks/68Dni7IE4VyPkTOH9mRWHr,https://api.spotify.com/v1/audio-analysis/68Dni7IE4VyPkTOH9mRWHr,292799.0,4.0
50,spotify:track:0PAcdVzhPO4gq1Iym9ESnK,Morgan Wallen,Thinkin’ Bout Me,Big Loud Records / Mercury Records / Republic Records,9,53,35,4054126,contemporary country,85,https://i.scdn.co/image/ab67616d0000b273705079df9a25a28b452c1fc9,0.656,0.757,3.0,-5.775,0.0,0.0308,0.492,0.0,0.117,0.429,139.971,audio_features,0PAcdVzhPO4gq1Iym9ESnK,https://api.spotify.com/v1/tracks/0PAcdVzhPO4gq1Iym9ESnK,https://api.spotify.com/v1/audio-analysis/0PAcdVzhPO4gq1Iym9ESnK,177388.0,4.0
51,spotify:track:5RqSsdzTNPX1uzkmlHCFvK,"KAROL G, Peso Pluma",QLONA,Bichota/Interscope Records,16,26,12,3920004,"reggaeton,reggaeton colombiano,trap latino,urbano latino",88,https://i.scdn.co/image/ab67616d0000b273d026bf9d7780f6a1267b4d03,0.841,0.738,7.0,-7.455,0.0,0.307,0.52,0.0,0.0892,0.484,169.918,audio_features,5RqSsdzTNPX1uzkmlHCFvK,https://api.spotify.com/v1/tracks/5RqSsdzTNPX1uzkmlHCFvK,https://api.spotify.com/v1/audio-analysis/5RqSsdzTNPX1uzkmlHCFvK,172798.0,4.0
52,spotify:track:7KA4W4McWYRpgf0fWsJZWB,"Tyler, The Creator, Kali Uchis",See You Again (feat. Kali Uchis),Columbia,5,31,122,3856900,"hip hop,rap",82,https://i.scdn.co/image/ab67616d0000b2738940ac99f49e44f59e6f7fb3,0.558,0.559,6.0,-9.222,1.0,0.0959,0.371,7.49e-06,0.109,0.62,78.558,audio_features,7KA4W4McWYRpgf0fWsJZWB,https://api.spotify.com/v1/tracks/7KA4W4McWYRpgf0fWsJZWB,https://api.spotify.com/v1/audio-analysis/7KA4W4McWYRpgf0fWsJZWB,180387.0,4.0
53,spotify:track:3xKsf9qdS1CyvXSMEid6g8,Frank Ocean,Pink + White,Boys Don't Cry,30,32,64,3800437,"lgbtq+ hip hop,neo soul",81,https://i.scdn.co/image/ab67616d0000b273c5649add07ed3720be9d5526,0.545,0.545,9.0,-7.362,1.0,0.107,0.667,5.48e-05,0.417,0.549,159.94,audio_features,3xKsf9qdS1CyvXSMEid6g8,https://api.spotify.com/v1/tracks/3xKsf9qdS1CyvXSMEid6g8,https://api.spotify.com/v1/audio-analysis/3xKsf9qdS1CyvXSMEid6g8,184516.0,3.0
54,spotify:track:2QjOHCTQ1Jl3zawyYOpxh6,The Neighbourhood,Sweater Weather,Columbia,13,35,167,3739022,"modern alternative rock,modern rock,pop,pov: indie",81,https://i.scdn.co/image/ab67616d0000b2738265a736a1eb838ad5a0b921,0.612,0.807,10.0,-2.81,1.0,0.0336,0.0495,0.0177,0.101,0.398,124.053,audio_features,2QjOHCTQ1Jl3zawyYOpxh6,https://api.spotify.com/v1/tracks/2QjOHCTQ1Jl3zawyYOpxh6,https://api.spotify.com/v1/audio-analysis/2QjOHCTQ1Jl3zawyYOpxh6,240400.0,4.0
55,spotify:track:3eP13S8D5m2cweMEg3ZDed,Drake,Virginia Beach,OVO/Republic,3,22,4,3732638,"canadian hip hop,canadian pop,hip hop,pop rap,rap",95,https://i.scdn.co/image/ab67616d0000b2737d384516b23347e92a587ed1,0.402,0.514,1.0,-7.322,0.0,0.0471,0.106,0.0,0.181,0.2,120.009,audio_features,3eP13S8D5m2cweMEg3ZDed,https://api.spotify.com/v1/tracks/3eP13S8D5m2cweMEg3ZDed,https://api.spotify.com/v1/audio-analysis/3eP13S8D5m2cweMEg3ZDed,251095.0,4.0
56,spotify:track:3IX0yuEVvDbnqUwMBB3ouC,Olivia Rodrigo,bad idea right?,Olivia Rodrigo PS,1,30,12,3642516,pop,87,https://i.scdn.co/image/ab67616d0000b273e85259a1cae29a8d91f2093d,0.627,0.879,9.0,-3.446,1.0,0.0955,0.00193,6.87e-06,0.0647,0.748,129.979,audio_features,3IX0yuEVvDbnqUwMBB3ouC,https://api.spotify.com/v1/tracks/3IX0yuEVvDbnqUwMBB3ouC,https://api.spotify.com/v1/audio-analysis/3IX0yuEVvDbnqUwMBB3ouC,184784.0,4.0
57,spotify:track:6uIIdjYTxxpWOyWuVXrKQO,"Calle 24, Chino Pacas, Fuerza Regida",Que Onda,Street Mob Records - Rancho Humilde,47,47,9,3591003,"corrido,corridos tumbados,sad sierreno,sierreno",74,https://i.scdn.co/image/ab67616d0000b273c069abd6ab0ed961aa7b2d39,0.808,0.944,10.0,-4.863,0.0,0.0408,0.183,1.11e-06,0.138,0.937,124.934,audio_features,6uIIdjYTxxpWOyWuVXrKQO,https://api.spotify.com/v1/tracks/6uIIdjYTxxpWOyWuVXrKQO,https://api.spotify.com/v1/audio-analysis/6uIIdjYTxxpWOyWuVXrKQO,191467.0,3.0
58,spotify:track:5W4kiM2cUYBJXKRudNyxjW,Morgan Wallen,You Proof,Big Loud Records / Mercury Records / Republic Records,8,37,77,3569239,contemporary country,85,https://i.scdn.co/image/ab67616d0000b273705079df9a25a28b452c1fc9,0.732,0.839,9.0,-5.007,1.0,0.0345,0.265,0.0,0.602,0.629,119.724,audio_features,5W4kiM2cUYBJXKRudNyxjW,https://api.spotify.com/v1/tracks/5W4kiM2cUYBJXKRudNyxjW,https://api.spotify.com/v1/audio-analysis/5W4kiM2cUYBJXKRudNyxjW,157478.0,4.0
59,spotify:track:3qQbCzHBycnDpGskqOWY0E,"Eslabon Armado, Peso Pluma",Ella Baila Sola,DEL Records,1,33,33,3541074,"corrido,corridos tumbados,sad sierreno,sierreno",77,https://i.scdn.co/image/ab67616d0000b273dfddf1cb31b85a6d28b7d91f,0.668,0.758,5.0,-5.176,0.0,0.0332,0.483,1.89e-05,0.0837,0.834,147.989,audio_features,3qQbCzHBycnDpGskqOWY0E,https://api.spotify.com/v1/tracks/3qQbCzHBycnDpGskqOWY0E,https://api.spotify.com/v1/audio-analysis/3qQbCzHBycnDpGskqOWY0E,165671.0,3.0
60,spotify:track:3nNmRE0DxHC6ZaKkrpUumS,"Bad Bunny, Young Miko",FINA,Rimas Entertainment LLC,8,24,3,3451049,"reggaeton,trap latino,urbano latino",96,https://i.scdn.co/image/ab67616d0000b2737b1fc51ff3257b5286a1ecec,0.847,0.724,1.0,-5.41,1.0,0.298,0.0869,1.11e-06,0.118,0.396,94.601,audio_features,3nNmRE0DxHC6ZaKkrpUumS,https://api.spotify.com/v1/tracks/3nNmRE0DxHC6ZaKkrpUumS,https://api.spotify.com/v1/audio-analysis/3nNmRE0DxHC6ZaKkrpUumS,216328.0,4.0
61,spotify:track:3cBsEDNhFI9E82vPj3kvi3,Morgan Wallen,Wasted On You,Big Loud / Republic,3,42,145,3433823,contemporary country,85,https://i.scdn.co/image/ab67616d0000b2737d6813fd233f3bc4977cceca,0.505,0.657,11.0,-5.24,0.0,0.0318,0.373,0.00107,0.126,0.252,196.0,audio_features,3cBsEDNhFI9E82vPj3kvi3,https://api.spotify.com/v1/tracks/3cBsEDNhFI9E82vPj3kvi3,https://api.spotify.com/v1/audio-analysis/3cBsEDNhFI9E82vPj3kvi3,178520.0,3.0
62,spotify:track:2LBqCSwhJGcFQeTHMVGwy3,The Weeknd,Die For You,Universal Republic Records,8,62,138,3395204,"canadian contemporary r&b,canadian pop,pop",92,https://i.scdn.co/image/ab67616d0000b273a048415db06a5b6fa7ec4e1a,0.586,0.525,1.0,-7.163,0.0,0.0615,0.111,0.0,0.134,0.508,133.629,audio_features,2LBqCSwhJGcFQeTHMVGwy3,https://api.spotify.com/v1/tracks/2LBqCSwhJGcFQeTHMVGwy3,https://api.spotify.com/v1/audio-analysis/2LBqCSwhJGcFQeTHMVGwy3,260253.0,4.0
63,spotify:track:6wf7Yu7cxBSPrRlWeSeK0Q,Billie Eilish,"What Was I Made For? [From The Motion Picture ""Barbie""]",Darkroom/Interscope Records,6,39,16,3360184,"art pop,pop",86,https://i.scdn.co/image/ab67616d0000b273ed317ec13d3de9e01fb99c9e,0.444,0.0911,0.0,-17.665,1.0,0.0307,0.959,1.05e-06,0.098,0.142,78.403,audio_features,6wf7Yu7cxBSPrRlWeSeK0Q,https://api.spotify.com/v1/tracks/6wf7Yu7cxBSPrRlWeSeK0Q,https://api.spotify.com/v1/audio-analysis/6wf7Yu7cxBSPrRlWeSeK0Q,222370.0,4.0
64,spotify:track:2QN9zL3SzXdGqqmXO68gFp,Rockwell,Somebody's Watching Me - Single Version,UNI/MOTOWN,64,-1,3,3336444,,61,https://i.scdn.co/image/ab67616d0000b2733b6773d6e0df6eedefb20190,0.788,0.576,1.0,-6.996,0.0,0.0327,0.0372,0.000211,0.0634,0.889,124.115,audio_features,2QN9zL3SzXdGqqmXO68gFp,https://api.spotify.com/v1/tracks/2QN9zL3SzXdGqqmXO68gFp,https://api.spotify.com/v1/audio-analysis/2QN9zL3SzXdGqqmXO68gFp,238787.0,4.0
65,spotify:track:3EaJDYHA0KnX88JvDhL9oa,Steve Lacy,Dark Red,Three Quarter,16,46,117,3324320,afrofuturism,79,https://i.scdn.co/image/ab67616d0000b2733d2dfa42f771cd458b194979,0.603,0.784,6.0,-4.023,1.0,0.062,0.446,8.32e-06,0.119,0.769,172.041,audio_features,3EaJDYHA0KnX88JvDhL9oa,https://api.spotify.com/v1/tracks/3EaJDYHA0KnX88JvDhL9oa,https://api.spotify.com/v1/audio-analysis/3EaJDYHA0KnX88JvDhL9oa,173104.0,4.0
66,spotify:track:0V3wPSX9ygBnCm8psDIegu,Taylor Swift,Anti-Hero,Taylor Swift,1,36,54,3304928,pop,100,https://i.scdn.co/image/ab67616d0000b273bb54dde68cd23e2a268ae0f5,0.637,0.643,4.0,-6.571,1.0,0.0519,0.13,1.8e-06,0.142,0.533,97.008,audio_features,0V3wPSX9ygBnCm8psDIegu,https://api.spotify.com/v1/tracks/0V3wPSX9ygBnCm8psDIegu,https://api.spotify.com/v1/audio-analysis/0V3wPSX9ygBnCm8psDIegu,200690.0,4.0
67,spotify:track:1Lo0QY9cvc8sUB2vnIOxDT,Luke Combs,Fast Car,River House Artists/Columbia Nashville,4,45,32,3261359,"contemporary country,country",81,https://i.scdn.co/image/ab67616d0000b273ca650d3a95022e0490434ba1,0.712,0.603,8.0,-5.52,1.0,0.0262,0.186,0.0,0.115,0.67,97.994,audio_features,1Lo0QY9cvc8sUB2vnIOxDT,https://api.spotify.com/v1/tracks/1Lo0QY9cvc8sUB2vnIOxDT,https://api.spotify.com/v1/audio-analysis/1Lo0QY9cvc8sUB2vnIOxDT,265493.0,4.0
68,spotify:track:1xK59OXxi2TAAAbmZK0kBL,d4vd,Romantic Homicide,Darkroom/Interscope Records,3,51,65,3250545,"bedroom pop,bedroom r&b",75,https://i.scdn.co/image/ab67616d0000b273bd1a52b3d5903ee01c216da0,0.571,0.544,6.0,-10.613,1.0,0.0299,0.453,0.00805,0.322,0.216,132.052,audio_features,1xK59OXxi2TAAAbmZK0kBL,https://api.spotify.com/v1/tracks/1xK59OXxi2TAAAbmZK0kBL,https://api.spotify.com/v1/audio-analysis/1xK59OXxi2TAAAbmZK0kBL,132631.0,4.0
69,spotify:track:0ofHAoxe9vBkTCp2UQIavz,Fleetwood Mac,Dreams - 2004 Remaster,Rhino/Warner Records,6,41,149,3224540,"album rock,classic rock,rock,soft rock,yacht rock",79,https://i.scdn.co/image/ab67616d0000b273e52a59a28efa4773dd2bfe1b,0.828,0.492,0.0,-9.744,1.0,0.0276,0.0644,0.00428,0.128,0.789,120.151,audio_features,0ofHAoxe9vBkTCp2UQIavz,https://api.spotify.com/v1/tracks/0ofHAoxe9vBkTCp2UQIavz,https://api.spotify.com/v1/audio-analysis/0ofHAoxe9vBkTCp2UQIavz,257800.0,4.0
70,spotify:track:3F5CgOj3wFlRv51JsHbxhe,"Drake, 21 Savage",Jimmy Cooks (feat. 21 Savage),OVO,2,50,72,3222161,"canadian hip hop,canadian pop,hip hop,pop rap,rap",95,https://i.scdn.co/image/ab67616d0000b2738dc0d801766a5aa6a33cbe37,0.529,0.673,0.0,-4.711,1.0,0.175,0.000307,2.41e-06,0.093,0.366,165.921,audio_features,3F5CgOj3wFlRv51JsHbxhe,https://api.spotify.com/v1/tracks/3F5CgOj3wFlRv51JsHbxhe,https://api.spotify.com/v1/audio-analysis/3F5CgOj3wFlRv51JsHbxhe,218365.0,4.0
71,spotify:track:3hxIUxnT27p5WcmjGUXNwx,Hotel Ugly,Shut up My Moms Calling,"Hotel Ugly, under exclusive license to Amuseio AB",29,54,61,3207786,modern indie pop,72,https://i.scdn.co/image/ab67616d0000b273350ab7a839c04bfd5225a9f5,0.485,0.409,9.0,-10.711,0.0,0.101,0.325,0.0,0.103,0.376,138.419,audio_features,3hxIUxnT27p5WcmjGUXNwx,https://api.spotify.com/v1/tracks/3hxIUxnT27p5WcmjGUXNwx,https://api.spotify.com/v1/audio-analysis/3hxIUxnT27p5WcmjGUXNwx,164571.0,4.0
72,spotify:track:0AYt6NMyyLd0rLuvr0UkMH,"Drake, SZA",Slime You Out (feat. SZA),OVO/Republic,1,34,7,3186556,"canadian hip hop,canadian pop,hip hop,pop rap,rap",95,https://i.scdn.co/image/ab67616d0000b2737d384516b23347e92a587ed1,0.483,0.408,5.0,-9.243,0.0,0.0502,0.508,0.0,0.259,0.105,88.88,audio_features,0AYt6NMyyLd0rLuvr0UkMH,https://api.spotify.com/v1/tracks/0AYt6NMyyLd0rLuvr0UkMH,https://api.spotify.com/v1/audio-analysis/0AYt6NMyyLd0rLuvr0UkMH,310491.0,3.0
73,spotify:track:6dBUzqjtbnIa1TwYbyw5CM,TV Girl,Lovers Rock,TV Girl,55,55,50,3160452,pov: indie,77,https://i.scdn.co/image/ab67616d0000b273e1bc1af856b42dd7fdba9f84,0.559,0.871,5.0,-5.338,0.0,0.0397,7.53e-06,0.00545,0.096,0.572,104.97,audio_features,6dBUzqjtbnIa1TwYbyw5CM,https://api.spotify.com/v1/tracks/6dBUzqjtbnIa1TwYbyw5CM,https://api.spotify.com/v1/audio-analysis/6dBUzqjtbnIa1TwYbyw5CM,213920.0,4.0
74,spotify:track:5Eh1nj7IjV9lwpcKAkidyY,Troye Sivan,One Of Your Girls,EMI Recorded Music Australia Pty Ltd,29,29,3,3151413,"australian pop,pop,viral pop",78,https://i.scdn.co/image/ab67616d0000b27367103283a4eb57578a428252,0.629,0.654,11.0,-7.852,0.0,0.0584,0.0878,0.00655,0.22,0.799,93.034,audio_features,5Eh1nj7IjV9lwpcKAkidyY,https://api.spotify.com/v1/tracks/5Eh1nj7IjV9lwpcKAkidyY,https://api.spotify.com/v1/audio-analysis/5Eh1nj7IjV9lwpcKAkidyY,181482.0,4.0
75,spotify:track:1vYXt7VSjH9JIM5oRRo7vA,Dua Lipa,Dance The Night - From Barbie The Album,Atlantic Records,9,68,23,3125800,"dance pop,pop,uk pop",84,https://i.scdn.co/image/ab67616d0000b2737dd3ba455ee3390cb55b0192,0.671,0.845,11.0,-4.93,0.0,0.048,0.0207,0.0,0.329,0.775,110.056,audio_features,1vYXt7VSjH9JIM5oRRo7vA,https://api.spotify.com/v1/tracks/1vYXt7VSjH9JIM5oRRo7vA,https://api.spotify.com/v1/audio-analysis/1vYXt7VSjH9JIM5oRRo7vA,176579.0,4.0
76,spotify:track:2J6OF7CkpdQGSfm1wdclqn,Brent Faiyaz,Clouded,Lost Kids,39,56,55,3123886,"r&b,rap",82,https://i.scdn.co/image/ab67616d0000b2736a463f436bbf07f3c9e8c62a,0.583,0.344,2.0,-8.765,1.0,0.0559,0.774,0.0,0.143,0.581,65.203,audio_features,2J6OF7CkpdQGSfm1wdclqn,https://api.spotify.com/v1/tracks/2J6OF7CkpdQGSfm1wdclqn,https://api.spotify.com/v1/audio-analysis/2J6OF7CkpdQGSfm1wdclqn,110129.0,3.0
77,spotify:track:4pCbJC43j3gSqG6Fen6upD,"Zach Bryan, The War and Treaty",Hey Driver (feat. The War and Treaty),Warner Records,3,43,10,3121325,"classic oklahoma country,modern country pop",86,https://i.scdn.co/image/ab67616d0000b273e5a25ed08d1e7e0fbb440cef,0.583,0.351,0.0,-5.836,1.0,0.0306,0.494,0.0,0.368,0.462,79.014,audio_features,4pCbJC43j3gSqG6Fen6upD,https://api.spotify.com/v1/tracks/4pCbJC43j3gSqG6Fen6upD,https://api.spotify.com/v1/audio-analysis/4pCbJC43j3gSqG6Fen6upD,227467.0,4.0
78,spotify:track:67nepsnrcZkowTxMWigSbb,"Travis Scott, Drake",MELTDOWN (feat. Drake),Cactus Jack/Epic,1,40,14,3103555,"hip hop,rap,slap house",90,https://i.scdn.co/image/ab67616d0000b273881d8d8378cd01099babcd44,0.557,0.774,7.0,-5.275,0.0,0.351,0.012,0.0,0.396,0.397,111.975,audio_features,67nepsnrcZkowTxMWigSbb,https://api.spotify.com/v1/tracks/67nepsnrcZkowTxMWigSbb,https://api.spotify.com/v1/audio-analysis/67nepsnrcZkowTxMWigSbb,246134.0,4.0
79,spotify:track:4EWCNWgDS8707fNSZ1oaA5,Kanye West,Heartless,Roc-A-Fella,40,76,109,3057441,"chicago rap,hip hop,rap",88,https://i.scdn.co/image/ab67616d0000b273346d77e155d854735410ed18,0.79,0.647,10.0,-5.983,0.0,0.136,0.0515,0.0,0.248,0.654,87.999,audio_features,4EWCNWgDS8707fNSZ1oaA5,https://api.spotify.com/v1/tracks/4EWCNWgDS8707fNSZ1oaA5,https://api.spotify.com/v1/audio-analysis/4EWCNWgDS8707fNSZ1oaA5,211000.0,4.0
80,spotify:track:1R0a2iXumgCiFb7HEZ7gUE,Taylor Swift,Don’t Blame Me,"Big Machine Records, LLC",49,49,65,3056522,pop,100,https://i.scdn.co/image/ab67616d0000b273da5d5aeeabacacc1263c0f4b,0.615,0.534,9.0,-6.719,0.0,0.0386,0.106,1.76e-05,0.0607,0.193,135.917,audio_features,1R0a2iXumgCiFb7HEZ7gUE,https://api.spotify.com/v1/tracks/1R0a2iXumgCiFb7HEZ7gUE,https://api.spotify.com/v1/audio-analysis/1R0a2iXumgCiFb7HEZ7gUE,236413.0,4.0
81,spotify:track:0JmnkIqdlnUzPaf8sqBRs3,Kali Uchis,Moonlight,Geffen Records,27,57,36,3054397,colombian pop,81,https://i.scdn.co/image/ab67616d0000b27381fccd758776d16b87721b17,0.642,0.706,7.0,-6.872,0.0,0.052,0.518,0.0,0.25,0.896,136.851,audio_features,0JmnkIqdlnUzPaf8sqBRs3,https://api.spotify.com/v1/tracks/0JmnkIqdlnUzPaf8sqBRs3,https://api.spotify.com/v1/audio-analysis/0JmnkIqdlnUzPaf8sqBRs3,187723.0,4.0
82,spotify:track:2HbKqm4o0w5wEeEFXm2sD4,"Kendrick Lamar, Jay Rock",Money Trees,Aftermath,41,75,150,3027151,"conscious hip hop,hip hop,rap,west coast rap",86,https://i.scdn.co/image/ab67616d0000b273d28d2ebdedb220e479743797,0.716,0.531,7.0,-7.355,1.0,0.122,0.0703,0.0,0.224,0.344,71.994,audio_features,2HbKqm4o0w5wEeEFXm2sD4,https://api.spotify.com/v1/tracks/2HbKqm4o0w5wEeEFXm2sD4,https://api.spotify.com/v1/audio-analysis/2HbKqm4o0w5wEeEFXm2sD4,386907.0,4.0
83,spotify:track:5TRPicyLGbAF2LGBFbHGvO,"Kanye West, Dwele",Flashing Lights,Roc-A-Fella,53,81,94,2999938,"chicago rap,hip hop,rap",88,https://i.scdn.co/image/ab67616d0000b27326f7f19c7f0381e56156c94a,0.639,0.628,6.0,-7.578,0.0,0.0399,0.0381,0.0,0.386,0.43,90.482,audio_features,5TRPicyLGbAF2LGBFbHGvO,https://api.spotify.com/v1/tracks/5TRPicyLGbAF2LGBFbHGvO,https://api.spotify.com/v1/audio-analysis/5TRPicyLGbAF2LGBFbHGvO,237507.0,4.0
84,spotify:track:2Dct3GykKZ58hpWRFfe2Qd,Zach Bryan,Heading South,Warner Records,36,48,51,2983662,"classic oklahoma country,modern country pop",86,https://i.scdn.co/image/ab67616d0000b273f9017bcd001d030d46850226,0.68,0.246,4.0,-14.112,1.0,0.058,0.783,0.0,0.106,0.388,110.23,audio_features,2Dct3GykKZ58hpWRFfe2Qd,https://api.spotify.com/v1/tracks/2Dct3GykKZ58hpWRFfe2Qd,https://api.spotify.com/v1/audio-analysis/2Dct3GykKZ58hpWRFfe2Qd,171693.0,4.0
85,spotify:track:4R2kfaDFhslZEMJqAFNpdd,Taylor Swift,cardigan,Taylor Swift,1,52,57,2970888,pop,100,https://i.scdn.co/image/ab67616d0000b27395f754318336a07e85ec59bc,0.613,0.581,0.0,-8.588,0.0,0.0424,0.537,0.000345,0.25,0.551,130.033,audio_features,4R2kfaDFhslZEMJqAFNpdd,https://api.spotify.com/v1/tracks/4R2kfaDFhslZEMJqAFNpdd,https://api.spotify.com/v1/audio-analysis/4R2kfaDFhslZEMJqAFNpdd,239560.0,4.0
86,spotify:track:3azJifCSqg9fRij2yKIbWz,Tory Lanez,The Color Violet,One Umbrella Records,26,71,61,2969184,"canadian hip hop,canadian trap,melodic rap,pop rap,r&b,rap,trap",78,https://i.scdn.co/image/ab67616d0000b2730c5f23cbf0b1ab7e37d0dc67,0.645,0.534,6.0,-10.8,0.0,0.0479,0.157,0.0,0.0863,0.463,105.02,audio_features,3azJifCSqg9fRij2yKIbWz,https://api.spotify.com/v1/tracks/3azJifCSqg9fRij2yKIbWz,https://api.spotify.com/v1/audio-analysis/3azJifCSqg9fRij2yKIbWz,226467.0,4.0
87,spotify:track:6IPwKM3fUUzlElbvKw2sKl,girl in red,we fell in love in october,world in red,60,60,30,2967861,"bedroom pop,indie pop,norwegian indie,pov: indie",74,https://i.scdn.co/image/ab67616d0000b273d6839051c4760457e1a60b2a,0.566,0.366,7.0,-12.808,1.0,0.028,0.113,0.181,0.155,0.237,129.96,audio_features,6IPwKM3fUUzlElbvKw2sKl,https://api.spotify.com/v1/tracks/6IPwKM3fUUzlElbvKw2sKl,https://api.spotify.com/v1/audio-analysis/6IPwKM3fUUzlElbvKw2sKl,184154.0,4.0
88,spotify:track:7x9aauaA9cu6tyfpHnqDLo,"Jung Kook, Latto",Seven (feat. Latto) (Explicit Ver.),BIGHIT MUSIC,3,63,16,2959199,k-pop,88,https://i.scdn.co/image/ab67616d0000b273bf5cce5a0e1ed03a626bdd74,0.802,0.832,11.0,-4.107,1.0,0.0434,0.311,0.0,0.0815,0.89,124.997,audio_features,7x9aauaA9cu6tyfpHnqDLo,https://api.spotify.com/v1/tracks/7x9aauaA9cu6tyfpHnqDLo,https://api.spotify.com/v1/audio-analysis/7x9aauaA9cu6tyfpHnqDLo,185427.0,4.0
89,spotify:track:2dHHgzDwk4BJdRwy9uXhTO,"Metro Boomin, The Weeknd, 21 Savage",Creepin' (with The Weeknd & 21 Savage),Republic Records,1,85,48,2954806,rap,85,https://i.scdn.co/image/ab67616d0000b27313e54d6687e65678d60466c2,0.715,0.62,1.0,-6.005,0.0,0.0484,0.417,0.0,0.0822,0.172,97.95,audio_features,2dHHgzDwk4BJdRwy9uXhTO,https://api.spotify.com/v1/tracks/2dHHgzDwk4BJdRwy9uXhTO,https://api.spotify.com/v1/audio-analysis/2dHHgzDwk4BJdRwy9uXhTO,221520.0,4.0
90,spotify:track:4KW1lqgSr8TKrvBII0Brf8,Kanye West,Father Stretch My Hands Pt. 1,Rock The World/IDJ/Kanye LP7,72,82,88,2915236,"chicago rap,hip hop,rap",88,https://i.scdn.co/image/ab67616d0000b2732a7db835b912dc5014bd37f4,0.724,0.573,7.0,-4.113,1.0,0.0549,0.118,0.0,0.538,0.438,113.088,audio_features,4KW1lqgSr8TKrvBII0Brf8,https://api.spotify.com/v1/tracks/4KW1lqgSr8TKrvBII0Brf8,https://api.spotify.com/v1/audio-analysis/4KW1lqgSr8TKrvBII0Brf8,135920.0,4.0
91,spotify:track:0ug5NqcwcFR2xrfTkc7k8e,Taylor Swift,Style,"Big Machine Records, LLC",24,28,35,2914470,pop,100,https://i.scdn.co/image/ab67616d0000b27352b2a3824413eefe9e33817a,0.588,0.791,7.0,-5.595,1.0,0.0402,0.00245,0.00258,0.118,0.487,94.933,audio_features,0ug5NqcwcFR2xrfTkc7k8e,https://api.spotify.com/v1/tracks/0ug5NqcwcFR2xrfTkc7k8e,https://api.spotify.com/v1/audio-analysis/0ug5NqcwcFR2xrfTkc7k8e,231000.0,4.0
92,spotify:track:7KokYm8cMIXCsGVmUvKtqf,Taylor Swift,Karma,Taylor Swift,5,44,49,2900499,pop,100,https://i.scdn.co/image/ab67616d0000b273bb54dde68cd23e2a268ae0f5,0.642,0.62,8.0,-7.091,1.0,0.0666,0.0734,0.0,0.483,0.0969,90.02,audio_features,7KokYm8cMIXCsGVmUvKtqf,https://api.spotify.com/v1/tracks/7KokYm8cMIXCsGVmUvKtqf,https://api.spotify.com/v1/audio-analysis/7KokYm8cMIXCsGVmUvKtqf,204852.0,4.0
93,spotify:track:2ItNKt19iqefEe590Z9GeE,The Living Tombstone,Five Nights at Freddy's,Ghost Pixel Records,93,-1,1,2892069,"otacore,pixel,pov: indie",71,https://i.scdn.co/image/ab67616d0000b2733f753699bc7ef8a7945d8bb0,0.491,0.771,9.0,-5.037,1.0,0.041,0.00149,0.000262,0.232,0.242,103.005,audio_features,2ItNKt19iqefEe590Z9GeE,https://api.spotify.com/v1/tracks/2ItNKt19iqefEe590Z9GeE,https://api.spotify.com/v1/audio-analysis/2ItNKt19iqefEe590Z9GeE,165832.0,4.0
94,spotify:track:0JXXNGljqupsJaZsgSbMZV,Miguel,Sure Thing,Jive,10,67,56,2889316,"r&b,urban contemporary",76,https://i.scdn.co/image/ab67616d0000b273d5a8395b0d80b8c48a5d851c,0.684,0.607,11.0,-8.127,0.0,0.1,0.0267,0.000307,0.191,0.498,81.001,audio_features,0JXXNGljqupsJaZsgSbMZV,https://api.spotify.com/v1/tracks/0JXXNGljqupsJaZsgSbMZV,https://api.spotify.com/v1/audio-analysis/0JXXNGljqupsJaZsgSbMZV,195373.0,4.0
95,spotify:track:1odExI7RdWc4BT515LTAwj,David Kushner,Daylight,"Miserable Music Group, LLC",11,69,29,2879940,gen z singer-songwriter,75,https://i.scdn.co/image/ab67616d0000b27395ca6a9b4083a86c149934ae,0.508,0.43,2.0,-9.475,0.0,0.0335,0.83,0.000441,0.093,0.324,130.09,audio_features,1odExI7RdWc4BT515LTAwj,https://api.spotify.com/v1/tracks/1odExI7RdWc4BT515LTAwj,https://api.spotify.com/v1/audio-analysis/1odExI7RdWc4BT515LTAwj,212954.0,4.0
96,spotify:track:0VjIjW4GlUZAMYd2vXMi3b,The Weeknd,Blinding Lights,Republic Records,1,-1,180,2828271,"canadian contemporary r&b,canadian pop,pop",92,https://i.scdn.co/image/ab67616d0000b2738863bc11d2aa12b54f5aeb36,0.514,0.73,1.0,-5.934,1.0,0.0598,0.00146,9.54e-05,0.0897,0.334,171.005,audio_features,0VjIjW4GlUZAMYd2vXMi3b,https://api.spotify.com/v1/tracks/0VjIjW4GlUZAMYd2vXMi3b,https://api.spotify.com/v1/audio-analysis/0VjIjW4GlUZAMYd2vXMi3b,200040.0,4.0
97,spotify:track:1i9lZvlaDdWDPyXEE95aiq,"Travis Scott, SZA, Future",TELEKINESIS (feat. SZA & Future),Cactus Jack/Epic,13,61,14,2824010,"hip hop,rap,slap house",90,https://i.scdn.co/image/ab67616d0000b273881d8d8378cd01099babcd44,0.458,0.535,5.0,-4.854,0.0,0.0281,0.575,0.0,0.168,0.216,82.826,audio_features,1i9lZvlaDdWDPyXEE95aiq,https://api.spotify.com/v1/tracks/1i9lZvlaDdWDPyXEE95aiq,https://api.spotify.com/v1/audio-analysis/1i9lZvlaDdWDPyXEE95aiq,353755.0,4.0
98,spotify:track:38R5sydMbsBzSPGPMfmtpb,"Lil Mabu, chriseanrock",MR. TAKE YA B*TCH (FEAT. CHRISEANROCK),Lil Mabu,98,-1,1,2821019,meme,67,https://i.scdn.co/image/ab67616d0000b2730d929d5521cf0455f3c40fed,0.707,0.444,1.0,-11.232,1.0,0.258,0.00152,0.0,0.125,0.322,164.117,audio_features,38R5sydMbsBzSPGPMfmtpb,https://api.spotify.com/v1/tracks/38R5sydMbsBzSPGPMfmtpb,https://api.spotify.com/v1/audio-analysis/38R5sydMbsBzSPGPMfmtpb,108750.0,4.0
99,spotify:track:7ABLbnD53cQK00mhcaOUVG,Myke Towers,LALA,WEA Latina,30,70,17,2793877,"reggaeton,trap latino,urbano latino",84,https://i.scdn.co/image/ab67616d0000b2730656d5ce813ca3cc4b677e05,0.708,0.737,1.0,-4.045,1.0,0.0436,0.0739,0.00162,0.0955,0.607,91.986,audio_features,7ABLbnD53cQK00mhcaOUVG,https://api.spotify.com/v1/tracks/7ABLbnD53cQK00mhcaOUVG,https://api.spotify.com/v1/audio-analysis/7ABLbnD53cQK00mhcaOUVG,197920.0,4.0
100,spotify:track:3m0y8qLoznUYi73SUBP8GI,Ray Parker Jr.,Ghostbusters,RCA Records Label,100,-1,1,2787920,,62,https://i.scdn.co/image/ab67616d0000b273aed4808eac27b70ba532f0e4,0.788,0.846,4.0,-5.017,1.0,0.0372,0.0103,0.000281,0.26,0.738,115.636,audio_features,3m0y8qLoznUYi73SUBP8GI,https://api.spotify.com/v1/tracks/3m0y8qLoznUYi73SUBP8GI,https://api.spotify.com/v1/audio-analysis/3m0y8qLoznUYi73SUBP8GI,245253.0,4.0
101,spotify:track:1dGr1c8CrMLDpV6mPbImSI,Taylor Swift,Lover,Taylor Swift,1,64,49,2777704,pop,100,https://i.scdn.co/image/ab67616d0000b273e787cffec20aa2a396a61647,0.359,0.543,7.0,-7.582,1.0,0.0919,0.492,1.58e-05,0.118,0.453,68.534,audio_features,1dGr1c8CrMLDpV6mPbImSI,https://api.spotify.com/v1/tracks/1dGr1c8CrMLDpV6mPbImSI,https://api.spotify.com/v1/audio-analysis/1dGr1c8CrMLDpV6mPbImSI,221307.0,4.0
102,spotify:track:3hUxzQpSfdDqwM3ZTFQY0K,Taylor Swift,august,Taylor Swift,6,65,50,2774536,pop,100,https://i.scdn.co/image/ab67616d0000b27395f754318336a07e85ec59bc,0.532,0.623,5.0,-9.208,1.0,0.0331,0.538,7.28e-05,0.0925,0.403,89.937,audio_features,3hUxzQpSfdDqwM3ZTFQY0K,https://api.spotify.com/v1/tracks/3hUxzQpSfdDqwM3ZTFQY0K,https://api.spotify.com/v1/audio-analysis/3hUxzQpSfdDqwM3ZTFQY0K,261923.0,4.0
103,spotify:track:2gyxAWHebV7xPYVxqoi86f,Olivia Rodrigo,get him back!,Olivia Rodrigo PS,4,58,8,2761418,pop,87,https://i.scdn.co/image/ab67616d0000b273e85259a1cae29a8d91f2093d,0.546,0.846,5.0,-5.719,1.0,0.181,0.0135,0.0,0.607,0.74,162.043,audio_features,2gyxAWHebV7xPYVxqoi86f,https://api.spotify.com/v1/tracks/2gyxAWHebV7xPYVxqoi86f,https://api.spotify.com/v1/audio-analysis/2gyxAWHebV7xPYVxqoi86f,211141.0,4.0
104,spotify:track:4Dvkj6JhhA12EX05fT7y2e,Harry Styles,As It Was,Columbia,1,87,83,2745707,pop,83,https://i.scdn.co/image/ab67616d0000b2732e8ed79e177ff6011076f5f0,0.52,0.731,6.0,-5.338,0.0,0.0557,0.342,0.00101,0.311,0.662,173.93,audio_features,4Dvkj6JhhA12EX05fT7y2e,https://api.spotify.com/v1/tracks/4Dvkj6JhhA12EX05fT7y2e,https://api.spotify.com/v1/audio-analysis/4Dvkj6JhhA12EX05fT7y2e,167303.0,4.0
105,spotify:track:5fEB6ZmVkg63GZg9qO86jh,PARTYNEXTDOOR,Break from Toronto,OVO Sound,79,86,35,2744764,"r&b,rap,urban contemporary",76,https://i.scdn.co/image/ab67616d0000b273090b1f9557a6d23c0817bd88,0.595,0.678,9.0,-5.18,1.0,0.0335,0.0199,0.00389,0.418,0.259,117.067,audio_features,5fEB6ZmVkg63GZg9qO86jh,https://api.spotify.com/v1/tracks/5fEB6ZmVkg63GZg9qO86jh,https://api.spotify.com/v1/audio-analysis/5fEB6ZmVkg63GZg9qO86jh,99213.0,4.0
106,spotify:track:741UUVE2kuITl0c6zuqqbO,"Nicki Minaj, Ice Spice, Aqua",Barbie World (with Aqua) [From Barbie The Album],Atlantic Records,2,88,19,2718165,"hip pop,pop,queens hip hop,rap",84,https://i.scdn.co/image/ab67616d0000b2737e8f938c02fac3b564931116,0.77,0.58,0.0,-8.393,1.0,0.247,0.519,0.000127,0.233,0.753,144.072,audio_features,741UUVE2kuITl0c6zuqqbO,https://api.spotify.com/v1/tracks/741UUVE2kuITl0c6zuqqbO,https://api.spotify.com/v1/audio-analysis/741UUVE2kuITl0c6zuqqbO,109750.0,4.0
107,spotify:track:3hRV0jL3vUpRrcy398teAU,Lord Huron,The Night We Met,IAMSOUND,48,96,80,2688596,"indie folk,stomp and holler",72,https://i.scdn.co/image/ab67616d0000b27317875a0610c23d8946454583,0.544,0.369,2.0,-9.514,1.0,0.038,0.969,0.279,0.639,0.102,87.01,audio_features,3hRV0jL3vUpRrcy398teAU,https://api.spotify.com/v1/tracks/3hRV0jL3vUpRrcy398teAU,https://api.spotify.com/v1/audio-analysis/3hRV0jL3vUpRrcy398teAU,208212.0,3.0
108,spotify:track:0O3U5iwTbiXCREMkvotJuN,"Grupo Frontera, Grupo Firme",EL AMOR DE SU VIDA,Grupo Frontera,108,-1,6,2688370,musica chihuahuense,83,https://i.scdn.co/image/ab67616d0000b27382ce4c7bbf861185252e82ae,0.616,0.834,9.0,-3.069,1.0,0.0664,0.06,0.0,0.338,0.746,151.701,audio_features,0O3U5iwTbiXCREMkvotJuN,https://api.spotify.com/v1/tracks/0O3U5iwTbiXCREMkvotJuN,https://api.spotify.com/v1/audio-analysis/0O3U5iwTbiXCREMkvotJuN,165848.0,4.0
109,spotify:track:5XeFesFbtLpXzIVDNQP22n,Arctic Monkeys,I Wanna Be Yours,Domino Recording Co,62,94,60,2680208,"garage rock,modern rock,permanent wave,rock,sheffield indie",84,https://i.scdn.co/image/ab67616d0000b2734ae1c4c5c45aabe565499163,0.464,0.417,0.0,-9.345,0.0,0.0256,0.136,0.022,0.0974,0.479,67.528,audio_features,5XeFesFbtLpXzIVDNQP22n,https://api.spotify.com/v1/tracks/5XeFesFbtLpXzIVDNQP22n,https://api.spotify.com/v1/audio-analysis/5XeFesFbtLpXzIVDNQP22n,183956.0,4.0
110,spotify:track:1fvC3CmNAbsx0V9ULMU8NB,"Zach Bryan, Noah Kahan",Sarah's Place (feat. Noah Kahan),Warner Records,4,92,6,2679322,"classic oklahoma country,modern country pop",86,https://i.scdn.co/image/ab67616d0000b2730b3ac7a6645b0fa75df2d9d8,0.576,0.683,7.0,-5.103,1.0,0.118,0.41,0.0,0.0819,0.433,151.566,audio_features,1fvC3CmNAbsx0V9ULMU8NB,https://api.spotify.com/v1/tracks/1fvC3CmNAbsx0V9ULMU8NB,https://api.spotify.com/v1/audio-analysis/1fvC3CmNAbsx0V9ULMU8NB,214056.0,4.0
111,spotify:track:4bw8mcDUSRWfQo63ZTYRnU,"Maluma, Carin Leon",Según Quién,Sony Music Latin,72,72,6,2668127,"latin pop,reggaeton,reggaeton colombiano,trap latino,urbano latino",83,https://i.scdn.co/image/ab67616d0000b273d688b951a19f48941682e026,0.909,0.762,9.0,-3.974,1.0,0.0643,0.434,0.0,0.0856,0.843,101.987,audio_features,4bw8mcDUSRWfQo63ZTYRnU,https://api.spotify.com/v1/tracks/4bw8mcDUSRWfQo63ZTYRnU,https://api.spotify.com/v1/audio-analysis/4bw8mcDUSRWfQo63ZTYRnU,142335.0,3.0
112,spotify:track:2XHzzp1j4IfTNp1FTn7YFg,"Lil Wayne, Drake, Future",Love Me,CM/Republic,105,105,22,2659714,"hip hop,new orleans rap,pop rap,rap,trap",83,https://i.scdn.co/image/ab67616d0000b27380c64a084164867806ea617a,0.669,0.634,11.0,-6.476,1.0,0.0327,0.0125,0.0,0.0946,0.496,124.906,audio_features,2XHzzp1j4IfTNp1FTn7YFg,https://api.spotify.com/v1/tracks/2XHzzp1j4IfTNp1FTn7YFg,https://api.spotify.com/v1/audio-analysis/2XHzzp1j4IfTNp1FTn7YFg,255053.0,4.0
113,spotify:track:5UWwZ5lm5PKu6eKsHAGxOk,Foo Fighters,Everlong,RCA Records Label,60,97,65,2656192,"alternative metal,alternative rock,modern rock,permanent wave,post-grunge,rock",75,https://i.scdn.co/image/ab67616d0000b2730389027010b78a5e7dce426b,0.413,0.881,11.0,-5.541,0.0,0.0367,5.99e-05,0.000308,0.0805,0.364,158.066,audio_features,5UWwZ5lm5PKu6eKsHAGxOk,https://api.spotify.com/v1/tracks/5UWwZ5lm5PKu6eKsHAGxOk,https://api.spotify.com/v1/audio-analysis/5UWwZ5lm5PKu6eKsHAGxOk,250547.0,4.0
114,spotify:track:78Du4CMFgnhdlG33gblkiP,Oliver Anthony Music,Rich Men North of Richmond,Oliver Anthony Music/ radiowv,2,79,12,2649351,modern country pop,68,https://i.scdn.co/image/ab67616d0000b273f842f028c8716c62bbd7c57a,0.678,0.264,10.0,-12.384,1.0,0.0622,0.753,0.0,0.302,0.528,121.722,audio_features,78Du4CMFgnhdlG33gblkiP,https://api.spotify.com/v1/tracks/78Du4CMFgnhdlG33gblkiP,https://api.spotify.com/v1/audio-analysis/78Du4CMFgnhdlG33gblkiP,187244.0,4.0
115,spotify:track:42VsgItocQwOQC3XWZ8JNA,"Travis Scott, Playboi Carti",FE!N (feat. Playboi Carti),Cactus Jack/Epic,2,78,14,2642879,"hip hop,rap,slap house",90,https://i.scdn.co/image/ab67616d0000b273881d8d8378cd01099babcd44,0.569,0.882,3.0,-2.777,0.0,0.06,0.0316,0.0,0.142,0.201,148.038,audio_features,42VsgItocQwOQC3XWZ8JNA,https://api.spotify.com/v1/tracks/42VsgItocQwOQC3XWZ8JNA,https://api.spotify.com/v1/audio-analysis/42VsgItocQwOQC3XWZ8JNA,191701.0,4.0
116,spotify:track:7rbECVPkY5UODxoOUVKZnA,Kanye West,I Wonder,Roc-A-Fella,57,140,32,2641819,"chicago rap,hip hop,rap",88,https://i.scdn.co/image/ab67616d0000b27326f7f19c7f0381e56156c94a,0.542,0.466,0.0,-8.665,1.0,0.0831,0.141,0.000445,0.125,0.124,191.385,audio_features,7rbECVPkY5UODxoOUVKZnA,https://api.spotify.com/v1/tracks/7rbECVPkY5UODxoOUVKZnA,https://api.spotify.com/v1/audio-analysis/7rbECVPkY5UODxoOUVKZnA,243440.0,4.0
117,spotify:track:0bILU0UiNDmA5Ff6whhb2R,Bailey Zimmerman,Religiously,Warner Music Nashville/Elektra,23,59,22,2638377,"contemporary country,modern country pop",72,https://i.scdn.co/image/ab67616d0000b2730c5d03daf39f254bb546cf3a,0.57,0.67,1.0,-6.519,1.0,0.0274,0.426,0.0,0.108,0.593,140.924,audio_features,0bILU0UiNDmA5Ff6whhb2R,https://api.spotify.com/v1/tracks/0bILU0UiNDmA5Ff6whhb2R,https://api.spotify.com/v1/audio-analysis/0bILU0UiNDmA5Ff6whhb2R,178723.0,4.0
118,spotify:track:2yzshFeBIwH8tWIqHEFLeD,"Grupo Frontera, Bad Bunny",un x100to,Grupo Frontera,2,80,29,2637327,musica chihuahuense,83,https://i.scdn.co/image/ab67616d0000b27382ce4c7bbf861185252e82ae,0.571,0.72,9.0,-4.089,1.0,0.0458,0.213,0.0,0.271,0.542,83.827,audio_features,2yzshFeBIwH8tWIqHEFLeD,https://api.spotify.com/v1/tracks/2yzshFeBIwH8tWIqHEFLeD,https://api.spotify.com/v1/audio-analysis/2yzshFeBIwH8tWIqHEFLeD,194563.0,4.0
119,spotify:track:0RiRZpuVRbi7oqRdSMwhQY,"Post Malone, Swae Lee",Sunflower - Spider-Man: Into the Spider-Verse,Republic Records,1,99,259,2636626,"dfw rap,melodic rap,pop,rap",86,https://i.scdn.co/image/ab67616d0000b2739478c87599550dd73bfa7e02,0.755,0.522,2.0,-4.368,1.0,0.0575,0.533,0.0,0.0685,0.925,89.96,audio_features,0RiRZpuVRbi7oqRdSMwhQY,https://api.spotify.com/v1/tracks/0RiRZpuVRbi7oqRdSMwhQY,https://api.spotify.com/v1/audio-analysis/0RiRZpuVRbi7oqRdSMwhQY,157560.0,4.0
120,spotify:track:6CvTEtGagmzQvkUzzyKR9k,"Fuerza Regida, Marshmello",HARLEY QUINN,Rancho Humilde/Street Mob Records,120,-1,1,2603330,"corrido,corridos tumbados,sad sierreno,sierreno",85,https://i.scdn.co/image/ab67616d0000b273ad57982065339f7dc2058efe,0.815,0.741,1.0,-6.04,1.0,0.0569,0.0277,0.0183,0.219,0.591,125.031,audio_features,6CvTEtGagmzQvkUzzyKR9k,https://api.spotify.com/v1/tracks/6CvTEtGagmzQvkUzzyKR9k,https://api.spotify.com/v1/audio-analysis/6CvTEtGagmzQvkUzzyKR9k,143327.0,4.0
121,spotify:track:58ge6dfP91o9oXMzq3XkIS,Arctic Monkeys,505,Domino/Warner Records,18,106,146,2589004,"garage rock,modern rock,permanent wave,rock,sheffield indie",84,https://i.scdn.co/image/ab67616d0000b2730c8ac83035e9588e8ad34b90,0.52,0.852,0.0,-5.866,1.0,0.0543,0.00237,5.79e-05,0.0733,0.234,140.267,audio_features,58ge6dfP91o9oXMzq3XkIS,https://api.spotify.com/v1/tracks/58ge6dfP91o9oXMzq3XkIS,https://api.spotify.com/v1/audio-analysis/58ge6dfP91o9oXMzq3XkIS,253587.0,4.0
122,spotify:track:4S4QJfBGGrC8jRIjJHf1Ka,PinkPantheress,Pain,Parlophone UK,48,100,27,2578418,bedroom pop,74,https://i.scdn.co/image/ab67616d0000b27312c2eefb1d28509c632d915d,0.829,0.617,1.0,-8.497,1.0,0.14,0.227,0.00306,0.0618,0.81,125.605,audio_features,4S4QJfBGGrC8jRIjJHf1Ka,https://api.spotify.com/v1/tracks/4S4QJfBGGrC8jRIjJHf1Ka,https://api.spotify.com/v1/audio-analysis/4S4QJfBGGrC8jRIjJHf1Ka,98544.0,4.0
123,spotify:track:5JYPXqMwYc0zTODQdjMEZN,Ice Spice,Deli,10K Projects/Capitol Records,28,120,15,2574032,bronx drill,76,https://i.scdn.co/image/ab67616d0000b2733a696fc544995ab8d0d6765f,0.789,0.763,1.0,-6.169,1.0,0.199,0.123,2.22e-05,0.132,0.272,140.107,audio_features,5JYPXqMwYc0zTODQdjMEZN,https://api.spotify.com/v1/tracks/5JYPXqMwYc0zTODQdjMEZN,https://api.spotify.com/v1/audio-analysis/5JYPXqMwYc0zTODQdjMEZN,126857.0,4.0
124,spotify:track:0vjeOZ3Ft5jvAi9SBFJm1j,"Metro Boomin, Future, Chris Brown",Superhero (Heroes & Villains) [with Future & Chris Brown],Republic Records,2,102,48,2567208,rap,85,https://i.scdn.co/image/ab67616d0000b27313e54d6687e65678d60466c2,0.526,0.606,5.0,-5.3,0.0,0.259,0.152,2.36e-06,0.194,0.492,116.622,audio_features,0vjeOZ3Ft5jvAi9SBFJm1j,https://api.spotify.com/v1/tracks/0vjeOZ3Ft5jvAi9SBFJm1j,https://api.spotify.com/v1/audio-analysis/0vjeOZ3Ft5jvAi9SBFJm1j,182667.0,4.0
125,spotify:track:3IznIgmXtrUaoPWpQTy5jB,TV Girl,Not Allowed,TV Girl,107,107,25,2565334,pov: indie,77,https://i.scdn.co/image/ab67616d0000b27332f5fec7a879ed6ef28f0dfd,0.67,0.905,1.0,-6.855,1.0,0.129,0.669,0.000227,0.349,0.563,104.965,audio_features,3IznIgmXtrUaoPWpQTy5jB,https://api.spotify.com/v1/tracks/3IznIgmXtrUaoPWpQTy5jB,https://api.spotify.com/v1/audio-analysis/3IznIgmXtrUaoPWpQTy5jB,167864.0,4.0
126,spotify:track:6dgUya35uo964z7GZXM07g,Sabrina Carpenter,Nonsense,Island Records,15,116,43,2562275,pop,76,https://i.scdn.co/image/ab67616d0000b273700f7bf79c9f063ad0362bdf,0.74,0.697,8.0,-4.912,1.0,0.034,0.0268,0.0,0.224,0.732,138.992,audio_features,6dgUya35uo964z7GZXM07g,https://api.spotify.com/v1/tracks/6dgUya35uo964z7GZXM07g,https://api.spotify.com/v1/audio-analysis/6dgUya35uo964z7GZXM07g,163648.0,4.0
127,spotify:track:1u8c2t2Cy7UBoG4ArRcF5g,Taylor Swift,Blank Space,"Big Machine Records, LLC",34,38,36,2555930,pop,100,https://i.scdn.co/image/ab67616d0000b27352b2a3824413eefe9e33817a,0.76,0.703,5.0,-5.412,1.0,0.054,0.103,0.0,0.0913,0.57,95.997,audio_features,1u8c2t2Cy7UBoG4ArRcF5g,https://api.spotify.com/v1/tracks/1u8c2t2Cy7UBoG4ArRcF5g,https://api.spotify.com/v1/audio-analysis/1u8c2t2Cy7UBoG4ArRcF5g,231827.0,4.0
128,spotify:track:7sO5G9EABYOXQKNPNiE9NR,"Offset, Metro Boomin",Ric Flair Drip (with Metro Boomin),"Slaughter Gang, LLC/Epic/Quality Control Music/Motown/Capitol/Boominati Worldwide/Republic",4,123,197,2553895,"atl hip hop,hip hop,pop rap,rap,trap",79,https://i.scdn.co/image/ab67616d0000b2730db43130a9aaa7bae56967ed,0.88,0.428,9.0,-8.28,1.0,0.206,0.149,5.05e-05,0.114,0.333,100.007,audio_features,7sO5G9EABYOXQKNPNiE9NR,https://api.spotify.com/v1/tracks/7sO5G9EABYOXQKNPNiE9NR,https://api.spotify.com/v1/audio-analysis/7sO5G9EABYOXQKNPNiE9NR,172800.0,4.0
129,spotify:track:70LcF31zb1H0PyJoS1Sx1r,Radiohead,Creep,XL Recordings,129,153,12,2540250,"alternative rock,art rock,melancholia,oxford indie,permanent wave,rock",78,https://i.scdn.co/image/ab67616d0000b273df55e326ed144ab4f5cecf95,0.515,0.43,7.0,-9.935,1.0,0.0372,0.0097,0.000133,0.129,0.104,91.844,audio_features,70LcF31zb1H0PyJoS1Sx1r,https://api.spotify.com/v1/tracks/70LcF31zb1H0PyJoS1Sx1r,https://api.spotify.com/v1/audio-analysis/70LcF31zb1H0PyJoS1Sx1r,238640.0,4.0
130,spotify:track:1SjsVdSXpwm1kTdYEHoPIT,Zach Bryan,Sun to Me,Warner Records,51,90,33,2537577,"classic oklahoma country,modern country pop",86,https://i.scdn.co/image/ab67616d0000b273ba30859a1ca79c5a372d177a,0.505,0.27,9.0,-9.165,0.0,0.0333,0.593,0.0,0.133,0.557,98.721,audio_features,1SjsVdSXpwm1kTdYEHoPIT,https://api.spotify.com/v1/tracks/1SjsVdSXpwm1kTdYEHoPIT,https://api.spotify.com/v1/audio-analysis/1SjsVdSXpwm1kTdYEHoPIT,163032.0,4.0
131,spotify:track:5gDWsRxpJ2lZAffh5p7K0w,"The Weeknd, Lana Del Rey",Stargirl Interlude,Universal Republic Records,56,109,70,2530156,"canadian contemporary r&b,canadian pop,pop",92,https://i.scdn.co/image/ab67616d0000b273a048415db06a5b6fa7ec4e1a,0.715,0.47,5.0,-12.638,0.0,0.0772,0.353,0.0923,0.104,0.426,89.965,audio_features,5gDWsRxpJ2lZAffh5p7K0w,https://api.spotify.com/v1/tracks/5gDWsRxpJ2lZAffh5p7K0w,https://api.spotify.com/v1/audio-analysis/5gDWsRxpJ2lZAffh5p7K0w,111627.0,4.0
132,spotify:track:3QFInJAm9eyaho5vBzxInN,"Baby Keem, Kendrick Lamar",family ties (with Kendrick Lamar),Columbia,8,115,114,2509364,"hip hop,rap",75,https://i.scdn.co/image/ab67616d0000b2731bfa23b13d0504fb90c37b39,0.711,0.611,1.0,-5.453,1.0,0.33,0.00588,0.0,0.23,0.144,134.093,audio_features,3QFInJAm9eyaho5vBzxInN,https://api.spotify.com/v1/tracks/3QFInJAm9eyaho5vBzxInN,https://api.spotify.com/v1/audio-analysis/3QFInJAm9eyaho5vBzxInN,252262.0,4.0
133,spotify:track:6pcywuOeGGWeOQzdUyti6k,"21 Savage, Metro Boomin",Glock In My Lap,"Slaughter Gang, LLC/Epic/Boominati Worldwide/Republic",8,112,56,2497249,"atl hip hop,hip hop,rap",87,https://i.scdn.co/image/ab67616d0000b273aa57907bf0cb2ca0c8cc74bc,0.847,0.733,10.0,-6.439,0.0,0.16,0.00574,1.04e-05,0.151,0.202,130.029,audio_features,6pcywuOeGGWeOQzdUyti6k,https://api.spotify.com/v1/tracks/6pcywuOeGGWeOQzdUyti6k,https://api.spotify.com/v1/audio-analysis/6pcywuOeGGWeOQzdUyti6k,193591.0,4.0
134,spotify:track:22VHOlVYBqytsrAqV8yXBK,"Noah Kahan, Post Malone",Dial Drunk (with Post Malone),Mercury Records/Republic Records,13,91,16,2457609,pov: indie,81,https://i.scdn.co/image/ab67616d0000b273f519f148d88bf65074b4a3a9,0.667,0.613,8.0,-7.147,1.0,0.0313,0.121,0.0,0.113,0.681,112.046,audio_features,22VHOlVYBqytsrAqV8yXBK,https://api.spotify.com/v1/tracks/22VHOlVYBqytsrAqV8yXBK,https://api.spotify.com/v1/audio-analysis/22VHOlVYBqytsrAqV8yXBK,213817.0,4.0
135,spotify:track:4tqcoej1zPvwePZCzuAjJd,J. Cole,Wet Dreamz,Roc Nation Records LLC,69,114,107,2451352,"conscious hip hop,hip hop,north carolina hip hop,rap",84,https://i.scdn.co/image/ab67616d0000b273c6e0948bbb0681ff29cdbae8,0.495,0.722,6.0,-8.108,0.0,0.357,0.0697,0.0,0.113,0.539,175.627,audio_features,4tqcoej1zPvwePZCzuAjJd,https://api.spotify.com/v1/tracks/4tqcoej1zPvwePZCzuAjJd,https://api.spotify.com/v1/audio-analysis/4tqcoej1zPvwePZCzuAjJd,239267.0,4.0
136,spotify:track:5ixdmTpCmH5diBA1j154wN,Bad Bunny,UN PREVIEW,Rimas Entertainment LLC,21,77,6,2438860,"reggaeton,trap latino,urbano latino",96,https://i.scdn.co/image/ab67616d0000b2737b1fc51ff3257b5286a1ecec,0.795,0.815,1.0,-3.322,1.0,0.0821,0.0368,3.82e-05,0.227,0.334,94.991,audio_features,5ixdmTpCmH5diBA1j154wN,https://api.spotify.com/v1/tracks/5ixdmTpCmH5diBA1j154wN,https://api.spotify.com/v1/audio-analysis/5ixdmTpCmH5diBA1j154wN,165582.0,4.0
137,spotify:track:6RcAHyC5sAUIbPTkhOQwd8,Junior H,Y LLORO,WEA Latina,101,101,4,2430674,"corrido,corridos tumbados,musica mexicana,sad sierreno,sierreno",87,https://i.scdn.co/image/ab67616d0000b273f3ba6742a35f111aaea1ca2f,0.728,0.589,7.0,-7.115,1.0,0.0376,0.424,7.78e-06,0.166,0.767,77.475,audio_features,6RcAHyC5sAUIbPTkhOQwd8,https://api.spotify.com/v1/tracks/6RcAHyC5sAUIbPTkhOQwd8,https://api.spotify.com/v1/audio-analysis/6RcAHyC5sAUIbPTkhOQwd8,179013.0,4.0
138,spotify:track:0rKWJnmo6Q0ovoPOLoLm0t,"The Kid LAROI, Jung Kook, Central Cee",TOO MUCH,Columbia,73,73,2,2425202,australian hip hop,79,https://i.scdn.co/image/ab67616d0000b273389e41e5096b6112ce0e1008,0.758,0.703,10.0,-5.979,0.0,0.172,0.252,0.0,0.146,0.465,94.985,audio_features,0rKWJnmo6Q0ovoPOLoLm0t,https://api.spotify.com/v1/tracks/0rKWJnmo6Q0ovoPOLoLm0t,https://api.spotify.com/v1/audio-analysis/0rKWJnmo6Q0ovoPOLoLm0t,203939.0,4.0
139,spotify:track:1bDbXMyjaUIooNwFE9wn0N,"Drake, 21 Savage",Rich Flex,OVO / Republic Records,1,110,52,2409629,"canadian hip hop,canadian pop,hip hop,pop rap,rap",95,https://i.scdn.co/image/ab67616d0000b27302854a7060fccc1a66a4b5ad,0.561,0.52,11.0,-9.342,0.0,0.244,0.0503,1.86e-06,0.355,0.424,153.15,audio_features,1bDbXMyjaUIooNwFE9wn0N,https://api.spotify.com/v1/tracks/1bDbXMyjaUIooNwFE9wn0N,https://api.spotify.com/v1/audio-analysis/1bDbXMyjaUIooNwFE9wn0N,239360.0,3.0
140,spotify:track:01qFKNWq73UfEslI0GvumE,"Jung Kook, Jack Harlow",3D (feat. Jack Harlow),BIGHIT MUSIC,13,84,5,2401153,k-pop,88,https://i.scdn.co/image/ab67616d0000b27399583bb32b47e87d55c6064b,0.853,0.824,1.0,-3.287,1.0,0.103,0.0322,0.0,0.0859,0.888,108.044,audio_features,01qFKNWq73UfEslI0GvumE,https://api.spotify.com/v1/tracks/01qFKNWq73UfEslI0GvumE,https://api.spotify.com/v1/audio-analysis/01qFKNWq73UfEslI0GvumE,201812.0,4.0
141,spotify:track:0f8eRy9A0n6zXpKSHSCAEp,Steve Lacy,Infrunami,L-M Records,109,121,17,2389682,afrofuturism,79,https://i.scdn.co/image/ab67616d0000b273c3545bbe806b845c2b52bc20,0.826,0.299,9.0,-7.721,1.0,0.0446,0.31,0.0952,0.0758,0.215,97.012,audio_features,0f8eRy9A0n6zXpKSHSCAEp,https://api.spotify.com/v1/tracks/0f8eRy9A0n6zXpKSHSCAEp,https://api.spotify.com/v1/audio-analysis/0f8eRy9A0n6zXpKSHSCAEp,178328.0,4.0
142,spotify:track:2sTDlCxmuZCTDKKk9f1qus,Bad Bunny,WHERE SHE GOES,Rimas Entertainment LLC,3,83,24,2381731,"reggaeton,trap latino,urbano latino",96,https://i.scdn.co/image/ab67616d0000b2737b1fc51ff3257b5286a1ecec,0.651,0.799,9.0,-4.02,0.0,0.0611,0.143,0.634,0.112,0.223,143.992,audio_features,2sTDlCxmuZCTDKKk9f1qus,https://api.spotify.com/v1/tracks/2sTDlCxmuZCTDKKk9f1qus,https://api.spotify.com/v1/audio-analysis/2sTDlCxmuZCTDKKk9f1qus,231704.0,4.0
143,spotify:track:4k6Uh1HXdhtusDW5y8Gbvy,Steve Lacy,Bad Habit,L-M Records/RCA Records,1,108,70,2380045,afrofuturism,79,https://i.scdn.co/image/ab67616d0000b27368968350c2550e36d96344ee,0.686,0.494,1.0,-7.093,1.0,0.0355,0.613,5.8e-05,0.402,0.7,168.946,audio_features,4k6Uh1HXdhtusDW5y8Gbvy,https://api.spotify.com/v1/tracks/4k6Uh1HXdhtusDW5y8Gbvy,https://api.spotify.com/v1/audio-analysis/4k6Uh1HXdhtusDW5y8Gbvy,232067.0,4.0
144,spotify:track:3pXF1nA74528Edde4of9CC,Bryson Tiller,Don't,TrapSoul/RCA Records,82,125,108,2359132,"kentucky hip hop,r&b,rap",77,https://i.scdn.co/image/ab67616d0000b273d5f3cea8affdca01a0dc754f,0.765,0.356,11.0,-5.556,0.0,0.195,0.223,0.0,0.0963,0.189,96.991,audio_features,3pXF1nA74528Edde4of9CC,https://api.spotify.com/v1/tracks/3pXF1nA74528Edde4of9CC,https://api.spotify.com/v1/audio-analysis/3pXF1nA74528Edde4of9CC,198293.0,4.0
145,spotify:track:2Gk6fi0dqt91NKvlzGsmm7,"Offset, Travis Scott",SAY MY GRACE (feat. Travis Scott),Motown Records,32,103,3,2347654,"atl hip hop,hip hop,pop rap,rap,trap",79,https://i.scdn.co/image/ab67616d0000b2738473cdc72d9c6f9a2787e070,0.773,0.635,10.0,-5.06,1.0,0.0452,0.0585,0.0,0.132,0.476,121.879,audio_features,2Gk6fi0dqt91NKvlzGsmm7,https://api.spotify.com/v1/tracks/2Gk6fi0dqt91NKvlzGsmm7,https://api.spotify.com/v1/audio-analysis/2Gk6fi0dqt91NKvlzGsmm7,173253.0,4.0
146,spotify:track:1sUdq3kWa9dJXHu3eYOUll,Andrew Gold,"Spooky, Scary Skeletons - Undead Tombstone Remix",Craft Recordings,77,-1,3,2345739,underground power pop,62,https://i.scdn.co/image/ab67616d0000b273a3cf7d524baed9e303302918,0.772,0.788,9.0,-5.414,0.0,0.0619,0.0027,0.000583,0.353,0.574,127.91,audio_features,1sUdq3kWa9dJXHu3eYOUll,https://api.spotify.com/v1/tracks/1sUdq3kWa9dJXHu3eYOUll,https://api.spotify.com/v1/audio-analysis/1sUdq3kWa9dJXHu3eYOUll,125625.0,4.0
147,spotify:track:6foY66mWZN0pSRjZ408c00,Morgan Wallen,Whiskey Glasses,Big Loud Records,43,117,232,2343257,contemporary country,85,https://i.scdn.co/image/ab67616d0000b273f9f2dda2df2a695b9bad3440,0.614,0.68,6.0,-4.58,1.0,0.0289,0.369,1.84e-06,0.115,0.707,149.959,audio_features,6foY66mWZN0pSRjZ408c00,https://api.spotify.com/v1/tracks/6foY66mWZN0pSRjZ408c00,https://api.spotify.com/v1/audio-analysis/6foY66mWZN0pSRjZ408c00,234347.0,4.0
148,spotify:track:003vvx7Niy0yvhvHt4a68B,The Killers,Mr. Brightside,Island Records,60,136,166,2340834,"alternative rock,dance rock,modern rock,permanent wave,rock",74,https://i.scdn.co/image/ab67616d0000b273ccdddd46119a4ff53eaf1f5d,0.352,0.911,1.0,-5.23,1.0,0.0747,0.00121,0.0,0.0995,0.236,148.033,audio_features,003vvx7Niy0yvhvHt4a68B,https://api.spotify.com/v1/tracks/003vvx7Niy0yvhvHt4a68B,https://api.spotify.com/v1/audio-analysis/003vvx7Niy0yvhvHt4a68B,222973.0,4.0
149,spotify:track:1haJsMtoBhHfvuM7XWuT3W,"Junior H, Peso Pluma",El Azul,WEA Latina,21,133,32,2339309,"corrido,corridos tumbados,musica mexicana,sad sierreno,sierreno",87,https://i.scdn.co/image/ab67616d0000b27333ed356efed99b158c4267c6,0.558,0.648,9.0,-7.081,0.0,0.055,0.226,7.76e-06,0.0986,0.844,143.876,audio_features,1haJsMtoBhHfvuM7XWuT3W,https://api.spotify.com/v1/tracks/1haJsMtoBhHfvuM7XWuT3W,https://api.spotify.com/v1/audio-analysis/1haJsMtoBhHfvuM7XWuT3W,187226.0,3.0
150,spotify:track:0OWhKvvsHptt6vnnNUSM9a,Zach Bryan,Oklahoma Smokeshow,Warner Records,99,111,16,2336567,"classic oklahoma country,modern country pop",86,https://i.scdn.co/image/ab67616d0000b27313c532890739d705e5a55af6,0.544,0.573,8.0,-5.694,1.0,0.0356,0.0958,0.0,0.104,0.233,122.977,audio_features,0OWhKvvsHptt6vnnNUSM9a,https://api.spotify.com/v1/tracks/0OWhKvvsHptt6vnnNUSM9a,https://api.spotify.com/v1/audio-analysis/0OWhKvvsHptt6vnnNUSM9a,211739.0,4.0
151,spotify:track:3EvZ03hGAFwGZ2Ebcu86YH,Zach Bryan,Tourniquet,Warner Records,10,98,10,2334039,"classic oklahoma country,modern country pop",86,https://i.scdn.co/image/ab67616d0000b273e5a25ed08d1e7e0fbb440cef,0.593,0.397,6.0,-8.309,1.0,0.0329,0.684,7.44e-06,0.0982,0.32,76.703,audio_features,3EvZ03hGAFwGZ2Ebcu86YH,https://api.spotify.com/v1/tracks/3EvZ03hGAFwGZ2Ebcu86YH,https://api.spotify.com/v1/audio-analysis/3EvZ03hGAFwGZ2Ebcu86YH,189053.0,4.0
152,spotify:track:2Hh3ETdQKrmSI3QS0hme7g,"Metro Boomin, Future, Don Toliver",Too Many Nights (feat. Don Toliver & with Future),Republic Records,10,141,48,2332344,rap,85,https://i.scdn.co/image/ab67616d0000b27313e54d6687e65678d60466c2,0.684,0.671,7.0,-4.392,0.0,0.0464,0.189,2.37e-05,0.122,0.156,88.048,audio_features,2Hh3ETdQKrmSI3QS0hme7g,https://api.spotify.com/v1/tracks/2Hh3ETdQKrmSI3QS0hme7g,https://api.spotify.com/v1/audio-analysis/2Hh3ETdQKrmSI3QS0hme7g,199920.0,4.0
153,spotify:track:2kE2HFBFkJ0VMw3igxYohz,"Jessie Murph, Jelly Roll",Wild Ones (feat. Jelly Roll),Columbia,111,138,4,2324179,"alt z,modern country pop,singer-songwriter pop",70,https://i.scdn.co/image/ab67616d0000b27314408503d0bb34c929cdc2b3,0.65,0.689,0.0,-3.543,1.0,0.0449,0.0878,0.0,0.172,0.294,136.03,audio_features,2kE2HFBFkJ0VMw3igxYohz,https://api.spotify.com/v1/tracks/2kE2HFBFkJ0VMw3igxYohz,https://api.spotify.com/v1/audio-analysis/2kE2HFBFkJ0VMw3igxYohz,142520.0,4.0
154,spotify:track:5FkoSXiJPKTNyYgALRJFhD,Baby Keem,ORANGE SODA,Baby Keem LLC,54,132,68,2323687,"hip hop,rap",75,https://i.scdn.co/image/ab67616d0000b273683757f1fd40a7f7ef64bec1,0.83,0.564,1.0,-7.822,1.0,0.235,0.177,0.0,0.128,0.107,85.042,audio_features,5FkoSXiJPKTNyYgALRJFhD,https://api.spotify.com/v1/tracks/5FkoSXiJPKTNyYgALRJFhD,https://api.spotify.com/v1/audio-analysis/5FkoSXiJPKTNyYgALRJFhD,129882.0,4.0
155,spotify:track:0yc6Gst2xkRu0eMLeRMGCX,Cigarettes After Sex,Apocalypse,Partisan Records,49,126,65,2317539,"ambient pop,dream pop,el paso indie,shoegaze",79,https://i.scdn.co/image/ab67616d0000b27312b69bf576f5e80291f75161,0.37,0.467,5.0,-9.013,1.0,0.0273,0.0205,0.572,0.109,0.182,94.485,audio_features,0yc6Gst2xkRu0eMLeRMGCX,https://api.spotify.com/v1/tracks/0yc6Gst2xkRu0eMLeRMGCX,https://api.spotify.com/v1/audio-analysis/0yc6Gst2xkRu0eMLeRMGCX,290617.0,4.0
156,spotify:track:2UW7JaomAMuX9pZrjVpHAU,"Yng Lvcas, Peso Pluma",La Bebe - Remix,WM Mexico,4,122,32,2317401,reggaeton,70,https://i.scdn.co/image/ab67616d0000b273a04be3ad7c8c67f4109111a9,0.812,0.479,2.0,-5.678,0.0,0.333,0.213,1.21e-06,0.0756,0.559,169.922,audio_features,2UW7JaomAMuX9pZrjVpHAU,https://api.spotify.com/v1/tracks/2UW7JaomAMuX9pZrjVpHAU,https://api.spotify.com/v1/audio-analysis/2UW7JaomAMuX9pZrjVpHAU,234353.0,4.0
157,spotify:track:5wG3HvLhF6Y5KTGlK0IW3J,"Metro Boomin, Travis Scott, Young Thug",Trance (with Travis Scott & Young Thug),Republic Records,20,144,41,2305592,rap,85,https://i.scdn.co/image/ab67616d0000b27313e54d6687e65678d60466c2,0.571,0.549,1.0,-7.38,0.0,0.404,0.18,0.0,0.168,0.447,119.497,audio_features,5wG3HvLhF6Y5KTGlK0IW3J,https://api.spotify.com/v1/tracks/5wG3HvLhF6Y5KTGlK0IW3J,https://api.spotify.com/v1/audio-analysis/5wG3HvLhF6Y5KTGlK0IW3J,194787.0,4.0
158,spotify:track:7H0ya83CMmgFcOhw0UB6ow,Beach House,Space Song,Sub Pop Records,47,128,111,2298805,"art pop,baltimore indie,dream pop,dreamo,indie pop,indie rock,indietronica,modern dream pop,pov: indie",69,https://i.scdn.co/image/ab67616d0000b2739b7190e673e46271b2754aab,0.508,0.792,0.0,-7.311,0.0,0.0297,0.229,0.124,0.145,0.601,147.067,audio_features,7H0ya83CMmgFcOhw0UB6ow,https://api.spotify.com/v1/tracks/7H0ya83CMmgFcOhw0UB6ow,https://api.spotify.com/v1/audio-analysis/7H0ya83CMmgFcOhw0UB6ow,320467.0,4.0
159,spotify:track:74X2u8JMVooG2QbjRxXwR8,LE SSERAFIM,Perfect Night,SOURCE MUSIC,159,-1,1,2294485,k-pop girl group,74,https://i.scdn.co/image/ab67616d0000b2735e352f6eccf8cb96d0b247cc,0.697,0.82,5.0,-4.502,1.0,0.0308,0.1,0.0,0.0631,0.502,136.054,audio_features,74X2u8JMVooG2QbjRxXwR8,https://api.spotify.com/v1/tracks/74X2u8JMVooG2QbjRxXwR8,https://api.spotify.com/v1/audio-analysis/74X2u8JMVooG2QbjRxXwR8,159080.0,4.0
160,spotify:track:7EiZI6JVHllARrX9PUvAdX,"Future, The Weeknd",Low Life (feat. The Weeknd),Epic/Freebandz/A1,59,174,42,2288627,"atl hip hop,hip hop,rap,southern hip hop,trap",87,https://i.scdn.co/image/ab67616d0000b273626745b3aa04899001a924ad,0.722,0.331,8.0,-7.789,1.0,0.0726,0.337,0.282,0.146,0.102,143.961,audio_features,7EiZI6JVHllARrX9PUvAdX,https://api.spotify.com/v1/tracks/7EiZI6JVHllARrX9PUvAdX,https://api.spotify.com/v1/audio-analysis/7EiZI6JVHllARrX9PUvAdX,313547.0,4.0
161,spotify:track:42TtHTxWk782ZBiqyOi2d1,"Zach Bryan, Maggie Rogers",Dawns (feat. Maggie Rogers),Warner Records,17,119,21,2275711,"classic oklahoma country,modern country pop",86,https://i.scdn.co/image/ab67616d0000b273a0a916db0206cc4d773f9013,0.447,0.441,0.0,-7.658,1.0,0.0456,0.874,4.36e-05,0.188,0.286,122.811,audio_features,42TtHTxWk782ZBiqyOi2d1,https://api.spotify.com/v1/tracks/42TtHTxWk782ZBiqyOi2d1,https://api.spotify.com/v1/audio-analysis/42TtHTxWk782ZBiqyOi2d1,290892.0,4.0
162,spotify:track:3Ua0m0YmEjrMi9XErKcNiR,Jimin,Like Crazy,BIGHIT MUSIC,70,-1,16,2269511,k-pop,80,https://i.scdn.co/image/ab67616d0000b2732b46078245d0120690eb560d,0.629,0.733,7.0,-5.445,1.0,0.0419,0.0025,0.0,0.357,0.362,120.001,audio_features,3Ua0m0YmEjrMi9XErKcNiR,https://api.spotify.com/v1/tracks/3Ua0m0YmEjrMi9XErKcNiR,https://api.spotify.com/v1/audio-analysis/3Ua0m0YmEjrMi9XErKcNiR,212241.0,4.0
163,spotify:track:6PGoSes0D9eUDeeAafB2As,"Kendrick Lamar, Zacari",LOVE. FEAT. ZACARI.,Aftermath,5,152,158,2264262,"conscious hip hop,hip hop,rap,west coast rap",86,https://i.scdn.co/image/ab67616d0000b2738b52c6b9bc4e43d873869699,0.8,0.585,10.0,-7.343,1.0,0.0924,0.264,0.0,0.153,0.779,126.058,audio_features,6PGoSes0D9eUDeeAafB2As,https://api.spotify.com/v1/tracks/6PGoSes0D9eUDeeAafB2As,https://api.spotify.com/v1/audio-analysis/6PGoSes0D9eUDeeAafB2As,213400.0,4.0
164,spotify:track:4dtIxANFBU6CfhI9c2hf2g,Dylan Gossett,Coal,Dylan Gossett,164,-1,1,2247492,,62,https://i.scdn.co/image/ab67616d0000b27361a8fcc1b2d14a93bd8003a9,0.522,0.223,1.0,-9.561,0.0,0.0345,0.753,0.0,0.165,0.439,97.045,audio_features,4dtIxANFBU6CfhI9c2hf2g,https://api.spotify.com/v1/tracks/4dtIxANFBU6CfhI9c2hf2g,https://api.spotify.com/v1/audio-analysis/4dtIxANFBU6CfhI9c2hf2g,194440.0,4.0
165,spotify:track:7aRCf5cLOFN1U7kvtChY1G,Drake,Search & Rescue,OVO/Republic Records,1,130,30,2242103,"canadian hip hop,canadian pop,hip hop,pop rap,rap",95,https://i.scdn.co/image/ab67616d0000b273cace8a4b2ff924c9e12e3a96,0.817,0.44,10.0,-8.482,0.0,0.0734,0.0603,1.42e-06,0.33,0.544,142.024,audio_features,7aRCf5cLOFN1U7kvtChY1G,https://api.spotify.com/v1/tracks/7aRCf5cLOFN1U7kvtChY1G,https://api.spotify.com/v1/audio-analysis/7aRCf5cLOFN1U7kvtChY1G,272113.0,4.0
166,spotify:track:6me7F0aaZjwDo6RJ5MrfBD,Richy Mitch & The Coal Miners,Evergreen,Richy Mitch & The Coal Miners,134,135,6,2235623,modern folk rock,66,https://i.scdn.co/image/ab67616d0000b2731cc17bae5ee17cce117e198a,0.555,0.216,3.0,-11.661,1.0,0.0721,0.557,0.00416,0.109,0.504,79.109,audio_features,6me7F0aaZjwDo6RJ5MrfBD,https://api.spotify.com/v1/tracks/6me7F0aaZjwDo6RJ5MrfBD,https://api.spotify.com/v1/audio-analysis/6me7F0aaZjwDo6RJ5MrfBD,87000.0,3.0
167,spotify:track:2wAJTrFhCnQyNSD3oUgTZO,J. Cole,Work Out,Roc Nation LLC,101,155,64,2232770,"conscious hip hop,hip hop,north carolina hip hop,rap",84,https://i.scdn.co/image/ab67616d0000b27399da48a530f6ca2ef86da3cc,0.831,0.427,2.0,-6.903,1.0,0.106,0.0531,0.0,0.307,0.216,93.004,audio_features,2wAJTrFhCnQyNSD3oUgTZO,https://api.spotify.com/v1/tracks/2wAJTrFhCnQyNSD3oUgTZO,https://api.spotify.com/v1/audio-analysis/2wAJTrFhCnQyNSD3oUgTZO,235320.0,4.0
168,spotify:track:6ZprqcYFC6D9eIZaCoqrSn,"Drake, Bad Bunny",Gently (feat. Bad Bunny),OVO/Republic,9,66,4,2221339,"canadian hip hop,canadian pop,hip hop,pop rap,rap",95,https://i.scdn.co/image/ab67616d0000b2737d384516b23347e92a587ed1,0.868,0.407,10.0,-7.735,1.0,0.295,0.0479,0.000111,0.139,0.255,107.524,audio_features,6ZprqcYFC6D9eIZaCoqrSn,https://api.spotify.com/v1/tracks/6ZprqcYFC6D9eIZaCoqrSn,https://api.spotify.com/v1/audio-analysis/6ZprqcYFC6D9eIZaCoqrSn,133694.0,4.0
169,spotify:track:1s7oOCT8vauUh01PbJD6ps,"Rema, Selena Gomez",Calm Down (with Selena Gomez),Mavin Records / Jonzing World,25,146,59,2215571,"afrobeats,nigerian pop",76,https://i.scdn.co/image/ab67616d0000b273963265801aa5c9740ad159b7,0.799,0.802,11.0,-5.196,1.0,0.0371,0.429,0.00128,0.171,0.811,107.008,audio_features,1s7oOCT8vauUh01PbJD6ps,https://api.spotify.com/v1/tracks/1s7oOCT8vauUh01PbJD6ps,https://api.spotify.com/v1/audio-analysis/1s7oOCT8vauUh01PbJD6ps,239318.0,4.0
170,spotify:track:3HOKxuTDmNVmIlCIpBiD8m,"Peso Pluma, Jasiel Nuñez",LAGUNAS,Double P Records,69,134,19,2208665,"corridos tumbados,sad sierreno",90,https://i.scdn.co/image/ab67616d0000b2732fb583ed96f8f35cbf2897ba,0.77,0.622,11.0,-10.621,1.0,0.026,0.328,0.00603,0.149,0.792,115.952,audio_features,3HOKxuTDmNVmIlCIpBiD8m,https://api.spotify.com/v1/tracks/3HOKxuTDmNVmIlCIpBiD8m,https://api.spotify.com/v1/audio-analysis/3HOKxuTDmNVmIlCIpBiD8m,231247.0,3.0
171,spotify:track:34sOdxWu9FljH84UXdRwu1,Olivia Rodrigo,all-american bitch,Olivia Rodrigo PS,5,113,8,2201340,pop,87,https://i.scdn.co/image/ab67616d0000b273e85259a1cae29a8d91f2093d,0.43,0.692,6.0,-4.234,1.0,0.0429,0.254,4.17e-06,0.148,0.401,156.261,audio_features,34sOdxWu9FljH84UXdRwu1,https://api.spotify.com/v1/tracks/34sOdxWu9FljH84UXdRwu1,https://api.spotify.com/v1/audio-analysis/34sOdxWu9FljH84UXdRwu1,165834.0,4.0
172,spotify:track:5BbdKBZO0TH0GhfxUfyhL9,Lil Baby,Freestyle,Quality Control Music (Caroline),46,163,71,2192891,"atl hip hop,atl trap,rap,trap",84,https://i.scdn.co/image/ab67616d0000b2735067cc9332e2fdc69ea7b7a9,0.877,0.517,2.0,-5.426,0.0,0.0706,0.217,0.0,0.143,0.255,119.996,audio_features,5BbdKBZO0TH0GhfxUfyhL9,https://api.spotify.com/v1/tracks/5BbdKBZO0TH0GhfxUfyhL9,https://api.spotify.com/v1/audio-analysis/5BbdKBZO0TH0GhfxUfyhL9,162053.0,4.0
173,spotify:track:2ZL7WZcjuYKi1KUDtp4kCC,"Drake, 21 Savage",Spin Bout U,OVO / Republic Records,6,149,52,2192445,"canadian hip hop,canadian pop,hip hop,pop rap,rap",95,https://i.scdn.co/image/ab67616d0000b27302854a7060fccc1a66a4b5ad,0.773,0.701,7.0,-6.386,1.0,0.0512,0.01,0.0,0.163,0.203,129.963,audio_features,2ZL7WZcjuYKi1KUDtp4kCC,https://api.spotify.com/v1/tracks/2ZL7WZcjuYKi1KUDtp4kCC,https://api.spotify.com/v1/audio-analysis/2ZL7WZcjuYKi1KUDtp4kCC,214589.0,4.0
174,spotify:track:43iIQbw5hx986dUEZbr3eN,Laufey,From The Start,Laufey,45,118,16,2192372,gen z singer-songwriter,77,https://i.scdn.co/image/ab67616d0000b27374c732f8aa0e0ccbb3d17d96,0.664,0.405,1.0,-7.413,1.0,0.08,0.877,0.000765,0.11,0.743,81.89,audio_features,43iIQbw5hx986dUEZbr3eN,https://api.spotify.com/v1/tracks/43iIQbw5hx986dUEZbr3eN,https://api.spotify.com/v1/audio-analysis/43iIQbw5hx986dUEZbr3eN,169573.0,3.0
175,spotify:track:7MXVkk9YMctZqd1Srtv4MB,"The Weeknd, Daft Punk",Starboy,Universal Republic Records,3,182,135,2189280,"canadian contemporary r&b,canadian pop,pop",92,https://i.scdn.co/image/ab67616d0000b2734718e2b124f79258be7bc452,0.679,0.587,7.0,-7.015,1.0,0.276,0.141,6.35e-06,0.137,0.486,186.003,audio_features,7MXVkk9YMctZqd1Srtv4MB,https://api.spotify.com/v1/tracks/7MXVkk9YMctZqd1Srtv4MB,https://api.spotify.com/v1/audio-analysis/7MXVkk9YMctZqd1Srtv4MB,230453.0,4.0
176,spotify:track:5odlY52u43F5BjByhxg7wg,JVKE,golden hour,JVKE,8,142,63,2184087,"modern indie pop,pov: indie,singer-songwriter pop",75,https://i.scdn.co/image/ab67616d0000b273c2504e80ba2f258697ab2954,0.515,0.593,4.0,-4.801,1.0,0.0322,0.653,0.162,0.25,0.153,94.467,audio_features,5odlY52u43F5BjByhxg7wg,https://api.spotify.com/v1/tracks/5odlY52u43F5BjByhxg7wg,https://api.spotify.com/v1/audio-analysis/5odlY52u43F5BjByhxg7wg,209260.0,3.0
177,spotify:track:4RvWPyQ5RL0ao9LPZeSouE,Tears For Fears,Everybody Wants To Rule The World,UMC (Universal Music Catalogue),49,157,71,2184056,"new romantic,new wave,new wave pop,permanent wave,rock,sophisti-pop,synthpop",71,https://i.scdn.co/image/ab67616d0000b27322463d6939fec9e17b2a6235,0.645,0.795,7.0,-12.095,1.0,0.0527,0.347,0.00389,0.104,0.535,112.067,audio_features,4RvWPyQ5RL0ao9LPZeSouE,https://api.spotify.com/v1/tracks/4RvWPyQ5RL0ao9LPZeSouE,https://api.spotify.com/v1/audio-analysis/4RvWPyQ5RL0ao9LPZeSouE,251489.0,4.0
178,spotify:track:72kGuWpRiuA149Bn5lDkIO,Bryan Martin,We Ride,Average Joes Entertainment,150,150,3,2180624,modern country pop,67,https://i.scdn.co/image/ab67616d0000b273eda625668a424f4ee44e7998,0.62,0.706,3.0,-4.176,1.0,0.0251,0.0755,7.78e-06,0.185,0.591,81.989,audio_features,72kGuWpRiuA149Bn5lDkIO,https://api.spotify.com/v1/tracks/72kGuWpRiuA149Bn5lDkIO,https://api.spotify.com/v1/audio-analysis/72kGuWpRiuA149Bn5lDkIO,188483.0,4.0
179,spotify:track:7fveJ3pk1eSfxBdVkzdXZ0,"Morgan Wallen, ERNEST",Cowgirls (feat. ERNEST),Big Loud Records / Mercury Records / Republic Records,32,172,35,2173190,contemporary country,85,https://i.scdn.co/image/ab67616d0000b273705079df9a25a28b452c1fc9,0.624,0.766,8.0,-3.805,1.0,0.0359,0.199,8.62e-06,0.156,0.37,172.08,audio_features,7fveJ3pk1eSfxBdVkzdXZ0,https://api.spotify.com/v1/tracks/7fveJ3pk1eSfxBdVkzdXZ0,https://api.spotify.com/v1/audio-analysis/7fveJ3pk1eSfxBdVkzdXZ0,181621.0,4.0
180,spotify:track:30VrBsh1STRBoIrhQOAwzK,Rihanna,Disturbia,Def Jam Recordings,83,-1,4,2172611,"barbadian pop,pop,urban contemporary",87,https://i.scdn.co/image/ab67616d0000b273c10fafad6a659f2802b32421,0.703,0.813,11.0,-4.517,0.0,0.0574,0.0884,0.0,0.219,0.717,124.904,audio_features,30VrBsh1STRBoIrhQOAwzK,https://api.spotify.com/v1/tracks/30VrBsh1STRBoIrhQOAwzK,https://api.spotify.com/v1/audio-analysis/30VrBsh1STRBoIrhQOAwzK,238573.0,4.0
181,spotify:track:6thXB4RmajS4oZPNiBAKy0,Ray Parker Jr.,Ghostbusters,Arista/Legacy,51,-1,7,2168335,,62,https://i.scdn.co/image/ab67616d0000b273ed86c7a97ede8185293c1b8f,0.778,0.719,4.0,-9.698,1.0,0.0345,0.0123,0.0262,0.297,0.729,115.4,audio_features,6thXB4RmajS4oZPNiBAKy0,https://api.spotify.com/v1/tracks/6thXB4RmajS4oZPNiBAKy0,https://api.spotify.com/v1/audio-analysis/6thXB4RmajS4oZPNiBAKy0,239133.0,4.0
182,spotify:track:0bYg9bo50gSsH3LtXe2SQn,Mariah Carey,All I Want for Christmas Is You,Columbia,1,-1,52,2163785,"dance pop,pop,urban contemporary",76,https://i.scdn.co/image/ab67616d0000b2734246e3158421f5abb75abc4f,0.336,0.627,7.0,-7.463,1.0,0.0384,0.164,0.0,0.0708,0.35,150.273,audio_features,0bYg9bo50gSsH3LtXe2SQn,https://api.spotify.com/v1/tracks/0bYg9bo50gSsH3LtXe2SQn,https://api.spotify.com/v1/audio-analysis/0bYg9bo50gSsH3LtXe2SQn,241107.0,4.0
183,spotify:track:5mCPDVBb16L4XQwDdbRUpz,Drake,Passionfruit,Cash Money Records/Young Money Ent./Universal Rec.,1,159,120,2161529,"canadian hip hop,canadian pop,hip hop,pop rap,rap",95,https://i.scdn.co/image/ab67616d0000b2734f0fd9dad63977146e685700,0.809,0.463,11.0,-11.377,1.0,0.0396,0.256,0.085,0.109,0.364,111.98,audio_features,5mCPDVBb16L4XQwDdbRUpz,https://api.spotify.com/v1/tracks/5mCPDVBb16L4XQwDdbRUpz,https://api.spotify.com/v1/audio-analysis/5mCPDVBb16L4XQwDdbRUpz,298941.0,4.0
184,spotify:track:3kx21xR6IboC9HVdajgBoc,Fuerza Regida,SABOR FRESA,Rancho Humilde/Street Mob Records,16,129,19,2160184,"corrido,corridos tumbados,sad sierreno,sierreno",85,https://i.scdn.co/image/ab67616d0000b273ad57982065339f7dc2058efe,0.778,0.864,7.0,-4.61,0.0,0.0907,0.0898,0.0,0.0901,0.961,130.17,audio_features,3kx21xR6IboC9HVdajgBoc,https://api.spotify.com/v1/tracks/3kx21xR6IboC9HVdajgBoc,https://api.spotify.com/v1/audio-analysis/3kx21xR6IboC9HVdajgBoc,156501.0,3.0
185,spotify:track:6AQbmUe0Qwf5PZnt4HmTXv,"PinkPantheress, Ice Spice",Boy's a liar Pt. 2,Warner Records,1,148,39,2151840,bedroom pop,74,https://i.scdn.co/image/ab67616d0000b2739567e1aa41657425d046733b,0.696,0.809,5.0,-8.254,1.0,0.05,0.252,0.000128,0.248,0.857,132.962,audio_features,6AQbmUe0Qwf5PZnt4HmTXv,https://api.spotify.com/v1/tracks/6AQbmUe0Qwf5PZnt4HmTXv,https://api.spotify.com/v1/audio-analysis/6AQbmUe0Qwf5PZnt4HmTXv,131013.0,4.0
186,spotify:track:59nOXPmaKlBfGMDeOVGrIK,"Future, Drake, Tems",WAIT FOR U (feat. Drake & Tems),Epic/Freebandz,3,151,79,2147260,"atl hip hop,hip hop,rap,southern hip hop,trap",87,https://i.scdn.co/image/ab67616d0000b27386badd635b69aea887862214,0.463,0.642,1.0,-4.474,1.0,0.34,0.314,0.0,0.0686,0.339,83.389,audio_features,59nOXPmaKlBfGMDeOVGrIK,https://api.spotify.com/v1/tracks/59nOXPmaKlBfGMDeOVGrIK,https://api.spotify.com/v1/audio-analysis/59nOXPmaKlBfGMDeOVGrIK,189893.0,4.0
187,spotify:track:4qSEvFGCpde73gqIuq3sho,"Bad Bunny, Mora",HIBIKI,Rimas Entertainment LLC,13,74,3,2145831,"reggaeton,trap latino,urbano latino",96,https://i.scdn.co/image/ab67616d0000b2737b1fc51ff3257b5286a1ecec,0.801,0.645,6.0,-5.605,0.0,0.0706,0.604,0.0,0.118,0.528,119.935,audio_features,4qSEvFGCpde73gqIuq3sho,https://api.spotify.com/v1/tracks/4qSEvFGCpde73gqIuq3sho,https://api.spotify.com/v1/audio-analysis/4qSEvFGCpde73gqIuq3sho,208000.0,4.0
188,spotify:track:2UikqkwBv7aIvlixeVXHWt,Chris Stapleton,You Should Probably Leave,Mercury Nashville,122,156,23,2140794,"contemporary country,outlaw country",77,https://i.scdn.co/image/ab67616d0000b2739408342067e2ff50d69a3c98,0.602,0.477,9.0,-8.425,1.0,0.032,0.268,3.1e-05,0.173,0.552,183.89,audio_features,2UikqkwBv7aIvlixeVXHWt,https://api.spotify.com/v1/tracks/2UikqkwBv7aIvlixeVXHWt,https://api.spotify.com/v1/audio-analysis/2UikqkwBv7aIvlixeVXHWt,213493.0,4.0
189,spotify:track:3FvTHuefYV6TxE3Kseqno8,"Gabito Ballesteros, Natanael Cano",LOU LOU,Los CT Records,189,-1,1,2138079,"corrido,sierreno",81,https://i.scdn.co/image/ab67616d0000b27338c5b1d6170ff3120bbbaf42,0.739,0.579,7.0,-8.361,0.0,0.0509,0.0622,0.0,0.454,0.694,130.002,audio_features,3FvTHuefYV6TxE3Kseqno8,https://api.spotify.com/v1/tracks/3FvTHuefYV6TxE3Kseqno8,https://api.spotify.com/v1/audio-analysis/3FvTHuefYV6TxE3Kseqno8,188000.0,3.0
190,spotify:track:6WzRpISELf3YglGAh7TXcG,"The Weeknd, Playboi Carti, Madonna",Popular (with Playboi Carti & Madonna) - Music from the HBO Original Series,XO / Republic Records,16,173,21,2135321,"canadian contemporary r&b,canadian pop,pop",92,https://i.scdn.co/image/ab67616d0000b2734c8f092adc59b4bf4212389d,0.855,0.678,1.0,-6.276,1.0,0.189,0.0569,3.69e-05,0.412,0.852,99.029,audio_features,6WzRpISELf3YglGAh7TXcG,https://api.spotify.com/v1/tracks/6WzRpISELf3YglGAh7TXcG,https://api.spotify.com/v1/audio-analysis/6WzRpISELf3YglGAh7TXcG,215467.0,4.0
191,spotify:track:1TE8AAk9koG0UJco6ZAUfx,Bailey Zimmerman,Rock and A Hard Place,Warner Music Nashville/Elektra,26,145,73,2124390,"contemporary country,modern country pop",72,https://i.scdn.co/image/ab67616d0000b2730c5d03daf39f254bb546cf3a,0.582,0.568,1.0,-7.3,1.0,0.0275,0.577,0.0,0.105,0.394,121.991,audio_features,1TE8AAk9koG0UJco6ZAUfx,https://api.spotify.com/v1/tracks/1TE8AAk9koG0UJco6ZAUfx,https://api.spotify.com/v1/audio-analysis/1TE8AAk9koG0UJco6ZAUfx,207541.0,3.0
192,spotify:track:3sNVsP50132BTNlImLx70i,Kanye West,Bound 2,Rock The World/IDJ/Kanye/LP6,20,184,87,2122264,"chicago rap,hip hop,rap",88,https://i.scdn.co/image/ab67616d0000b2731dacfbc31cc873d132958af9,0.367,0.665,1.0,-2.821,1.0,0.0465,0.145,0.0,0.113,0.31,148.913,audio_features,3sNVsP50132BTNlImLx70i,https://api.spotify.com/v1/tracks/3sNVsP50132BTNlImLx70i,https://api.spotify.com/v1/audio-analysis/3sNVsP50132BTNlImLx70i,229147.0,4.0
193,spotify:track:103u49mLoJUge83B1CnLxI,HARDY,TRUCK BED,Big Loud Records / Big Loud Rock,125,-1,15,2121392,"contemporary country,modern country pop",71,https://i.scdn.co/image/ab67616d0000b27327f2230da1986261f618172e,0.662,0.77,0.0,-4.887,1.0,0.0367,0.0875,0.0,0.35,0.769,132.057,audio_features,103u49mLoJUge83B1CnLxI,https://api.spotify.com/v1/tracks/103u49mLoJUge83B1CnLxI,https://api.spotify.com/v1/audio-analysis/103u49mLoJUge83B1CnLxI,167535.0,4.0
194,spotify:track:3fqwjXwUGN6vbzIwvyFMhx,Chris Stapleton,Tennessee Whiskey,Mercury Nashville,92,176,131,2117428,"contemporary country,outlaw country",77,https://i.scdn.co/image/ab67616d0000b273540fc1d083eac5bcff8dad21,0.392,0.37,9.0,-10.888,1.0,0.0298,0.205,0.0096,0.0821,0.512,48.718,audio_features,3fqwjXwUGN6vbzIwvyFMhx,https://api.spotify.com/v1/tracks/3fqwjXwUGN6vbzIwvyFMhx,https://api.spotify.com/v1/audio-analysis/3fqwjXwUGN6vbzIwvyFMhx,293293.0,4.0
195,spotify:track:5QTxFnGygVM4jFQiBovmRo,Blue Öyster Cult,(Don't Fear) The Reaper,Columbia,187,-1,3,2115927,"album rock,classic rock,glam metal,hard rock,progressive rock,rock",61,https://i.scdn.co/image/ab67616d0000b2733ac318439ae56ce048d7bf5d,0.333,0.927,9.0,-8.55,0.0,0.0733,0.0029,0.000208,0.297,0.385,141.466,audio_features,5QTxFnGygVM4jFQiBovmRo,https://api.spotify.com/v1/tracks/5QTxFnGygVM4jFQiBovmRo,https://api.spotify.com/v1/audio-analysis/5QTxFnGygVM4jFQiBovmRo,308120.0,4.0
196,spotify:track:4osgfFTICMkcGbbigdsa53,Frank Ocean,Novacane,Red Zone Entertainment / IDJ,90,181,23,2115360,"lgbtq+ hip hop,neo soul",81,https://i.scdn.co/image/ab67616d0000b27359a428dc7ef8e0c12b0fe18a,0.762,0.508,3.0,-9.112,1.0,0.0919,0.0584,0.00126,0.16,0.37,93.51,audio_features,4osgfFTICMkcGbbigdsa53,https://api.spotify.com/v1/tracks/4osgfFTICMkcGbbigdsa53,https://api.spotify.com/v1/audio-analysis/4osgfFTICMkcGbbigdsa53,302347.0,4.0
197,spotify:track:4PMqSO5qyjpvzhlLI5GnID,SZA,Good Days,Top Dawg Entertainment/RCA Records,1,154,121,2111244,"pop,r&b,rap",87,https://i.scdn.co/image/ab67616d0000b27370dbc9f47669d120ad874ec1,0.461,0.651,1.0,-8.81,0.0,0.0568,0.418,1.26e-05,0.782,0.383,121.07,audio_features,4PMqSO5qyjpvzhlLI5GnID,https://api.spotify.com/v1/tracks/4PMqSO5qyjpvzhlLI5GnID,https://api.spotify.com/v1/audio-analysis/4PMqSO5qyjpvzhlLI5GnID,278480.0,4.0
198,spotify:track:7MSWxMumjz6lHj7oRApNbg,Chris Stapleton,White Horse,Mercury Nashville,81,-1,3,2103761,"contemporary country,outlaw country",77,https://i.scdn.co/image/ab67616d0000b2734676b161854d2215819f0d32,0.353,0.77,1.0,-11.066,0.0,0.0493,0.0016,0.598,0.109,0.224,145.225,audio_features,7MSWxMumjz6lHj7oRApNbg,https://api.spotify.com/v1/tracks/7MSWxMumjz6lHj7oRApNbg,https://api.spotify.com/v1/audio-analysis/7MSWxMumjz6lHj7oRApNbg,267893.0,4.0
199,spotify:track:6FBzhcfgGacfXF3AmtfEaX,Steve Lacy,C U Girl,L-M Records,199,-1,1,2100342,afrofuturism,79,https://i.scdn.co/image/ab67616d0000b273447d52024a6ac588ad418ae5,0.414,0.473,11.0,-8.911,0.0,0.116,0.663,0.0523,0.128,0.409,100.0,audio_features,6FBzhcfgGacfXF3AmtfEaX,https://api.spotify.com/v1/tracks/6FBzhcfgGacfXF3AmtfEaX,https://api.spotify.com/v1/audio-analysis/6FBzhcfgGacfXF3AmtfEaX,129698.0,4.0
200,spotify:track:1JgknGBbrfmEHeOZH051SS,SUICIDAL-IDOL,ecstacy (slowed),AVR,136,143,4,2098798,scenecore,70,https://i.scdn.co/image/ab67616d0000b273cddfe70492c57a78e4d86b1c,0.551,0.677,2.0,-7.311,1.0,0.0665,0.0173,0.0,0.381,0.195,106.414,audio_features,1JgknGBbrfmEHeOZH051SS,https://api.spotify.com/v1/tracks/1JgknGBbrfmEHeOZH051SS,https://api.spotify.com/v1/audio-analysis/1JgknGBbrfmEHeOZH051SS,119120.0,4.0
